-- phpMyAdmin SQL Dump
-- version 5.1.1
-- https://www.phpmyadmin.net/
--
-- Host: 127.0.0.1
-- Waktu pembuatan: 16 Bulan Mei 2024 pada 11.20
-- Versi server: 10.4.22-MariaDB
-- Versi PHP: 7.4.26

SET SQL_MODE = "NO_AUTO_VALUE_ON_ZERO";
START TRANSACTION;
SET time_zone = "+00:00";


/*!40101 SET @OLD_CHARACTER_SET_CLIENT=@@CHARACTER_SET_CLIENT */;
/*!40101 SET @OLD_CHARACTER_SET_RESULTS=@@CHARACTER_SET_RESULTS */;
/*!40101 SET @OLD_COLLATION_CONNECTION=@@COLLATION_CONNECTION */;
/*!40101 SET NAMES utf8mb4 */;

--
-- Database: `ccs`
--

-- --------------------------------------------------------

--
-- Struktur dari tabel `category`
--

CREATE TABLE `category` (
  `id` int(11) NOT NULL,
  `nama_kategori` varchar(255) NOT NULL
) ENGINE=InnoDB DEFAULT CHARSET=utf8mb4;

--
-- Dumping data untuk tabel `category`
--

INSERT INTO `category` (`id`, `nama_kategori`) VALUES
(15, 'Pembatalan - Pembatalan Transaksi(Current Date, Backdate, Adendum Kredit dan Ecollector)'),
(16, 'Ecollector - Ecollector Kas Mobile'),
(17, 'Backdate - Backdate Transaksi'),
(18, 'Proses - Proses Ulang'),
(20, 'Transaksi - Koreksi Transaksi'),
(21, 'Kredit - Master Rekening Kredit'),
(22, 'Kredit - Data Kredit'),
(23, 'Kredit - Transaksi Kredit'),
(24, 'Kredit - Bunga Kredit'),
(25, 'Kredit - Agunan'),
(26, 'Kredit - Sistem Angsuran'),
(27, 'Kredit - Kolektibilitas'),
(28, 'Kredit - Jadwal Angsuran'),
(29, 'Kredit - Koreksi PYAD Kredit'),
(30, 'Kredit - PPAP Kredit'),
(31, 'Kredit - Koreksi PYD Kredit'),
(32, 'Kredit - Aktivasi Rekening Kredit'),
(33, 'Kredit - Tarik Nominatif'),
(34, 'API - TTF'),
(36, 'C6'),
(37, 'Kredit - Tarik Nominatif Kredit'),
(38, 'Tabungan - Tabungan'),
(39, 'Tabungan - Data Tabungan'),
(40, 'Tabungan - Transaksi Tabungan'),
(41, 'Tabungan - Pembukaan Rekening'),
(42, 'Tabungan - Aktivasi Rekening'),
(43, 'Tabungan - Tarik Nominatif'),
(44, 'Tabungan - Saldo Minus Tabungan'),
(45, 'Tabungan - Koreksi Kode Produk'),
(46, 'Tabungan - Penutupan Tabungan');

-- --------------------------------------------------------

--
-- Struktur dari tabel `comment`
--

CREATE TABLE `comment` (
  `id_comment` int(11) NOT NULL,
  `pelaporan_id` int(11) NOT NULL,
  `user_id` int(11) NOT NULL,
  `body` text NOT NULL,
  `comment_id` int(11) NOT NULL DEFAULT 0,
  `file` text DEFAULT NULL
) ENGINE=InnoDB DEFAULT CHARSET=utf8mb4;

--
-- Dumping data untuk tabel `comment`
--

INSERT INTO `comment` (`id_comment`, `pelaporan_id`, `user_id`, `body`, `comment_id`, `file`) VALUES
(61, 101, 47, '<figure class=\"image\"><img style=\"aspect-ratio:566/200;\" src=\"data:image/png;base64,iVBORw0KGgoAAAANSUhEUgAAAjYAAADICAYAAAD7sat1AAAAAXNSR0IArs4c6QAAAARnQU1BAACxjwv8YQUAAAAJcEhZcwAADsMAAA7DAcdvqGQAAGZ8SURBVHhe7Z0JXJVV/v8/gKKCIqOyuVegcHPBrUKtcElGJ7CZ0WnKtPzNTy0NW8c0Z+pns6g5aqVjav1HzdGmtGkSy3LXVEoS0VHQAEFwuSwqgoIs997/Oec5z73P3dghuHzfvA73Ocvz3HO+5zzP+TznnOe5bj/88IMJBEEQBEEQLoCbiSG3CYIgCIIgmjXu8pMgCIIgCKLZQ8KGIAiCIAiXgYQNQRAEQRAuAwkbgiAIgiBcBhI2BEEQBEG4DCRsCIIgCIJwGUjYEARBEAThMpCwIQiCIAjCZSBhQxAEQRCEy0DChiAIgiAIl4GEDUEQBEEQLgMJG4IgCIIgXAYSNgRBEARBuAxV/Lr3SayYEoc10geEYNuWJzBI+mpNzi7878upiFoxF5MDZBhBEARBEEQdcT5iw8UHEzWY/wbStkg3H5g85S2s+K9MQxAEQRAE0YRwMmKjx7Y31+Ob4TPxYVSgDFPI++Y9RBwLQfyi8fCTYQRBEARBEE0BxyM2OSfxTZovosKtRQ3HLzwEkWmpOJjDPGJU5z1s++ZjBE95S7j//UavJOT81xIezNPxfTjqfqqfIAiCIAiiHnAsbHILcBB+CHa0/iUgEDoUIDtX+tn2gmO+iOdTVSuGAR+tl1NVJ7FiSR4Wr1CnsfywYM0u5Il9CIIgCIIg6h93qxGWWjJ7kpyWChiPOWOBNT+cFOFC9Hwlt/s/gTSaviIIgiAIogFxt11DI/D3RSTykOZoqihHj2T4ooe/9FttA927+sqtQXh5SzRm742zTEdtUAUPQRAEQRBE/eN4KipgEKKCC/BNkv1oTl5SKg4GhyDSPE2lnZYCLl0pkFscLm7kVNSKYYhkIoeeqCIIgiAIoqFw8rh3ICbP1q6Xkfz3Y0R8VGCZepKYp55yduHve4HZQwfZLxAWa3OsR3cIgiAIgiDqk7q9oI+Ll5dToePravYqIzWR0zSPiPOnopakKtsMc5zcj17QRxAEQRBEfVKFsKkCEigEQRAEQTQhnL95mCAIgiAIoplBwoYgCIIgCJehblNRBEEQBEEQTQgasSEIgiAIwmUgYUMQBEEQhMvgZjQaaSqKIBoBNzc3sPNN+oiqcHd3J3s1Aq5uZ2pH1ij2qLzbd3d3k1vNE7fy8nJRQn7RrWy5DcVTPMXXLd7DwwMGg0GGEFVB9mocXN3O1I6s4fZweWFTVlbGrscm84WZPumTPhvms3Xr1mDnmzz1iKrw9PQkezUCrm5nakfWcHu4vLApKSlh193qXZi1n+3atZOHqB137typ1vfQJ326ymfbtm1FuyeqB9mrcXB1O1M7sobbw+WFze3btysvoQO8vLzw7O//I321Y+2yx1BcXCx9BOH68POGnW/SR1SFt7c32asRcHU7UzuyhtvD5YVNYWFhjYVNhw4d6kXYFBUVSR9BuD78vKE2X33IXo2Dq9uZ2pE13B4uL2wKCgpqLGw4HTt2lFv2qKKHixdn3Lx5U24RRMuAnzO27T7/wAZEbSvE72JfwOwwGaihqnhr8vDFsq14K4Nv++CNRdMxUfsz/E2NlB0YsioDIyc/iXdH2WfUkb3qRN5BvPDmKRx5aCxO/PZeGegaVN5O1HZxFzasicEAGapS73aud85izey9+H93DcQ3v49EFxlqxpXbUQN8F7eHqwsbd75anDteWHW7Ou769esOnS2O0nDn6JjOXE3zRo5cU3Qc/tip1nl6Kq+S8vS0Dq9uvJVL/k6IGv4r+mlbXsCT3RykaUrO00OUrZVna4fxHEfhtXatW6EVP2hrx9/XnF3l7aQ12ghTe6CNXVwD2LneXWt4iuy3gqej+KbYjnIOYO7HZxzH1cQ1QJttCbjzhY2dOnUSoyz8k/t54Wv7aUt193P2qc1bddLTJ3021U+Ordjp9EgsEyFv4EWddbjqzGeUyXG8lZOdGwwlyM+/hoLbDtI0JWe+aTQ6jOc4Cq+1M3+fyXF8M3aVtyPW/tSS28U1gJ3r3fXHi6xsaW+OQydH8U2tHeUcxAuLTuMoE1oO42viGqDNtgTEb0Vpp45yc3PFdm3x9/e3mopqascjiLoSEBAgt6omJydHbilt2bb9Xju8BdGfF+HpZ5/FrL485BzWvXQQm0RsL/zflJv4vy0FePalZzGtpwh0zPldGL72ovQwevVD3Isj0Tn/CF79yxkck8EYEYljk0KVbTVuRC88ffQi+84gPN3rKjZd7IX1K8ejH/Kx853t+Cs7rJo/Jb/A6wun4NEu2rxy1P005WLH3sSOrXxvF/PxgA54/YkA/PXjNEROeQp/HdqeB1pRqb3U43K0ZWKc2b4WM49Kj2oHvn37OF7/QyIOjonCsUfvYgGW8imwPIlysU0723As5RPUyLbKvkEy/yrDfzkJf3tImVxR8s3y8MtO+OvnjsvmDLt2pG0PI8Lxp5wk/DEtGP9cORZ3K6FmHNnZ3A7N9lNtZV/HKtqy2NlWUw7HbaOyMjrLC4+rXTuyPs84mro1152aL5vvN7ejQXg97aQlH5WeE5V8X2VxNm1WbduW60XN4fZw+akoVTSo8EJX5fgdqDNni6M0qnN0bFunheeVhzk6FjlyjeWuXr0q2uPy5cudOg5Pp92PY3v31KadMozerp3iP72NX+B8sXgFu0Pd0g9XmahRsN7Pzg2ZgrT5ISKlmIr686PolvstXuEX6LHR4m4+bUs0Zh89iOHvfItcvk8bT7TmOxxtjfEi/neY8ZAvCyjA1Vx+3AJckx1TZkEu8+ci4RTryIL74ufdc7HjHZbX4GGI5/uuGIZIXMTMbckiP2q5NrXpp3z3zKHIPbRbdAKz5/Pvehztvk8Tafholl15mOPYhtkdl5eZlemVQzx/3H78wq/aj5X34hlEyzwZWBWIyzn7p6TlnWMItqm2QRH+utWZbXg8K59quxrbdgoeSPlKdOhK+d/AtrHAsc93Y4ewtQHt2vAdinCk3VhzPI6eNMdX5qzbUTLWclGj1s3wIiZqRHQNRmzaQLzQo7Un2qh+UaDWaMf9rPxLWVmUaU/bsvC2obEtbxuaOnLUNuy/X+us81If7Ug5zzT507Rdc921aSPT29hCbUf7CtHvzzwP2rYzFAvE8RiibbB6F/Zwfq5UmhdNm809tEWIGm7zBUOUctTGtQSsfiuKC4fquMDAQIcG484WR2m448dwdGxHTgv3V/b95Mg1hrt06RJeeeUV2Sqt4eE83nYfjlbocCcuWgI+ZZWCE/z2PzgYw9texuXLYXhqGhcaHGVKy5HjF3QTEx6X7yhHM1XcwuWrebiYdgnxXCRF9cWVK1fY8friCX68i5eQmMf2Vb98bF/oRPxVtLs3mF1Yb2JfWh6M5y5gnUxy6Hg68o2FyLnAPL384F3UA1P5Rf3NLvhwylsIfjkBB3nCtu2UPPFtxuwhYeK7r+SmI/F0IQsJwUN387J541eTFSHG4WWwLRfHNkx73MuX2XHu7sM6FSD+NM+fxn7tlPI+xMXBsUv4L9/fYmzxfcNn8U7pISQvYPmfEoc1PMKjDby4PUUqBrcN/x71WNx2+Sbkp1tsK/KhtS2Lt98/BzeGPiU68icyV7LvewuT9/IE7vBuaykv2DF/PqCDsFnnQF73N3Hjlo0NeP5s7GX+PhPbPn8JH7HNyIh74cm/OyQSi4OVaJbYbn8l2HIsxYlgBZFWYzwe37YNuDw5+NF6BC/Yjs5TuS3nYmoPFpeXjmNcEI/tg7687tvdi3Hs+5U6sq5DpW0UaL7X2il5lTswTMY8q3Z05Up7TTuyb0N8f45tuHdbHpqKyaweFmWMxnouKmbdp8Rrv0+UXXoYJm382FD002vaWQY/r24gp8iglNFYxvKXixtG5+cKP76zvIiy8yjO/m/w2H/YTQUTS+sj2yHnhn092jpn8S0BK2HDp3qq47Kzs+2MpTpbHKXhjh/D0bEdOS3cX9n3kyPXWC4rK8tO3HA/D3eUnmMXpl65TAbWIdzCj3y7Vxd4F/L4ayguF7FKvM2+qlOFk/nskxezgnzlSZDy29eUePPxbkJ/m+2rfrexHNdEvBGFHfqJTujwiQvYmcpVTAgW8w77wi0UnFeEzuxBOhQaM7FxIbtIT92FNH7Xrt6lys5FLZexXPlug6EQen64YB/4Xef5LkRuqUzEOmMlf9bl4tiFaY4rwq53QlfeafP8Gb1EZ4u0H/Dwcx/i4Xl/w2+FeLiGXK2QYwfh33f4fS5o/h/eDOF31vyuW8by/KrG5LYR330NfgGK0NDfMqAgz2JbJW8a27J4+/2Z+36zEDQP/itA3J2LERmGiZWfx6vZq7hzU+SvXN4nunnI/aVT7GltL/POrBXkFV0TW2F+PqyeWPz1YpibkYP9OdpjKc58QGEP7ldDROfeZSxmy/wjKxmjn+a23IQDvN2284CYyNj7JQb8/kM89NxGvM4HVUQdWdeho7JonRJvyQuMRVbtyGC4qWlH9p04359jGz7g52p7BTavWoo+rF6e2p6qxJu/TmkndqJO9ZrPG03b0J5X5v2dnys83lleRNnVdqSy9yx25xaKfIp4cXxLubTOWXxLwN1WOFy8eBGZmZmVfqrGcvRpi7N0/LOq7+GfWnheq/p++qTPxvzkbVQVN/yT+52l5/BPrbNcA5m/VyB0fDtTjwxH8Zr9HDrNBZX7e3TlF1vutaRRkviiZ6A2vSZfNztgeAQXMhfx/SUWMTYE0WF8FCcd0/+fInQeDMlnIiwD32fx+Gh88HAbXLwp71IZlu9hmL87CD25AEkrwEX1u2zya+s4tmH2x72CLN5pBvuih3rNVof8zS4Wk3qxtFblPY+k79gGTzs1hF1XSs3C0OqunKF+98UrfFpQsV1tbHsmLZv5+DTZZISw61iJ5QtFvBnpty+rc6dN27Or8shz8uUMGW+VGfM+qlOCbcNFsEDYw/YYN3PQ9ynVvqoozMbzn5+3lN08Tae632AQ21ebV/vvdeRkeoapntpRvtcoZWSEuXg5Kvpd3AF8aSWA1f2kh1GdtmEXX8W5Uq288HYqppov4JMj7PyT31sb1xJwz8jIsBoV4QVXh69q82lLdfdz9qnC88jzWt396JM+G+vzwoULQtTwz8rScbjI0TrLZYb5b4QpQ9rpGUjK4/Hn8cnH1Vxjw51MyS/w3N9BTCsV4I1952UaebzgYIzwYX6WL216xd1AOyFkbuJwOhAZ8DNc8e4M86tRmNAJ5esovOVdeUY2Eq/cwJl9iTgkEsi7VLHNUY/bESMe4BftdBw7z/35+HKHXPhh9f0Wx7ENU4+7dsd3yONh5y9gPfNHPtAPHQz34mFuv7QfsfOHC6w+duMNPvQ/fxvO3GBprcrrrTxGm3YNZ7NzkXf0O6wVUayu+HHVtPu/Yx0M/+7zOHaA+aXtamNbHzGcVIAMJnBy877D+v0iAftKJd68h/Tb29C506a90UeZnjuUkCltFI83arzGxg/dpYC4xP15Z7FHe4zzexH+zFt4cusJZudgxMpRiMjgu2Do3B9RfN+9Z/AlOycu/PAJnuT18O4Bsf6oJuVSnLSMqJv6aEdsn6Vvo8+U/yfy5/7Q83L0zB/hvVh8Zz/lBuMiaxc8/fnUGrUN8/5qfio9V6rIi/pdvTrBvfckEfftzkPye2vnWgLiPTZpaWlCOPBPWyPU1NniKE1NXH3mjRy5hnKpqXLouBLH4QJH69TrljIdwe6Cp8zE4uCb+MvKf2LcH3Nwt7yDU6crKnWWgwn/DW92J8g7nCPfsWPx432HDfwu+o1RaHeDp1eS8wus9jg3zELGF+N0HWFkgutBcbEFZof3QQ5P13ks/srzlp6E37Jjv3A1BLN5Z8Y6A7GOwqpc3DHB9LBy0f5wE8/LYXQcIddGyPzaOo5tmHrc2SO88B4v06YMcSe8/mFv3BD241M8qv2+w1a+KPMvMejN97cq772YK++A/5cd57df+itTK+k3cVmbdmwfdPxcOdaH/FjSdrWxbf+pysjG+jUs/crz6M9EIhc6l/mdOS+bSM+QNrO3oXNnlTanD57nebvwX1E34zI6yzU2Jjn6Yu04tmFGY0dM/JXFPuMSWmG89hgPTBULt49/+SUr+0qE8XUjvB4ieXvxRvQbvB1n4AW+LyvrcT7i8NwD4tg1KZfitNNg9dGOemH6X3j+Lov83f+/f8bkvXwkbRJ0vO5YexfrpWTb/kPJzyzTlHx/NTNj/XFLtjNt2zCfL/v3sLjPsctU2blSRV7MBWeCNeci7nmEC8hCrEiQ02a1cC0Bt/Pnz6umqxf6sLsFdcEvFyQ//ihWDRBEi4efG+x8kz6FTt1D4OftjrKb55GhFyHoEewHL3F3X4bi263gZRVfCYF3oW9HTxhv5yH1knxZ5s96IMTfy7KYruwmzqsHUuO0YYJA3NW3I9iRUJybiuwb/NB9wQ5tlQ817wJDGcutJ/srRh6fcrErl4J6HNbVsLJVsLLZ5FdD37597exl+vEbPPqvAsx68VW8MkyWyyb/lu/glOHm+QyIWNvySnspsPyXsfx7yvSGH/H2X07i0OgonH7mfnN9mI/FqbFtVbsq8F+cFr88LW2k5Ntic/u24Ry7tNq8lRWj2MOLlcEm/xJHdhZo7ePoGFb2Y1iVVduOGQalXfBarkm5FKTdNMeoazuyy5+mrXO0bdt4uxgV3l6W7zfXLWszrP4UC1jb1ip/7Li3vS3Hsz1XrleWF9t25LBd1QxuD6upRQc0+59USE5OrldhExYWZiVsUlJSxDZBtHT4uUHnQ/VxZC9T2h7EcGHz/GQ8qgxmNQzGVPztr0lM2IxB3PBOMtA1cfV2SeedNdweLi9szp49a+JrANzc3MA/VVS/7aeKs/h7773XStgw4VSj/VUonuJdLV6n04GdbzJFTSnA3k37sOqy9NoyeAi++Hlv6XEN+LXEzl7p+zDxEy5sfo0JPjKsITClY8ViJmxGjcEXfDH1T0rD1r1DOzcmGccw8WPl3VD2eCH2ufEY+zPprQU/efmaGNweLi9sTp8+za679hfounz2799fHJwdu1rp6ZM+W8InPy/++9//inOj5nTBXWFBaC9WvDqg9Ab++yN/jMl1cGSvLnfpENTeA6XX/4sfnXX09UGXu6ALag+PJmHXhq37urXLeqBbH/TvJN5O6AADbl1NRka+9NaCn7x8TQxuD5cXNklJSeYSOrsgq1A8xVN87eMHDhwIdr5JH1EV4eHhZK9GwNXtTO3IGm4Plxc2J06cqLyEBEHUC4MHD0ZiYqL0EVVB9mocXN3O1I6s4fZweWFjMFRRQoIgCIIgWgzNXdiYn1QkCIIgCIJo7pCwIQiCIAjCZSBhQxAEQRCEy0DChiAIgiAIl4GEDUEQBEEQLgMJG4IgCIIgXAYSNgRBEARBuAxW77HR6/X44ov/IDMzU4Y4p3fv3pg48TEEBgbKkMbBZCxF1lczkZ99C8YKA3yDynH3LzbBo10XmULlJFZO3Qm89ke81E8GCbThemxf9AG+iZiBD8bVsBw5X2PGq6mI+lssJgXIsDpw333D5JY1x48nyC1rnnsuEe+/P1j6HKGU833pA3zx1+rm9cy/0Gcp8Mnm3wIb/4TH8Sh+fGaQjGwYKvLzUfxDAoqOf8e2r8HI/tx92qN9xHB0GBYBT//KM37SST6dhTc5ruzAS9Oz8Mw3z2OgDOKcWjUO81hz5UQv3o3nHVW52Hc/Rm94B9FdZZirIsq6GsnCo8PzzsqcuBpRC4C3bexJVBc94l6chtXqb0c++ja+iQ2XHut2WWk9NGGUMsTYtxHedo6OlOVV7HBxmu25p4TvH/URVk4MVI4FaxuZaYZt0aXeY8NFDX/d8tKlS6t0PB1P39ikf/YEym51QP/o+Qj/9R9RmF+KH79cImO1uLE//t8W+/BaVSHbSexXq53tWbdunZ1zBhc12k97FFGTMm0m0ra8obgVIdj96ipsz5FJqgEvmvhFAM3PAjQEd04lIeedlTBeOA//saPQ7dn/QY9nnoL/iPtwZ//XyFj8R9z8IV6mdoyzfDZG/uuMVWetgV0Q+YV32Z492LMkBnELVuOUjLLALrBvy32beDHrThJWMzthzmbs4TbZNAb7md/eJizdgh1ym6gNp1YxURO8TLHznmWI2TkPL32hF3H6L17EvPRYbBZxe7B5DkS92NdDU0aPrHQddGE7cMTmMqrPToOuV5DqQ1aKDr1VrxklfMx9/IaYH4vJO/M+1vDjIawXGncIoGVjJWz4SE1ERIT0VQ5PV52Rnfrk6r5B6NbvcfQeOYUpSg92HXdD/3ELcVt/QaZwLZyJG3WkxumITU4OUuCLqIEB4tXZwvmPx5yxBdh9Srk4VZdB05komt5wox1c1ORv+gi+QwfBd/wEuJcUwC3pKNxOx6PN7UJ0fXwSOndoj8x1K1GQcETu5TrwTiKKdQrB0TEyxMKpY6xzjn4QA3n9DZ6MWAcXYSRux2p2x6yTXpcm8QjiEIPpE2W7DmLb0Q46pi82Ij2sRVikwQh/gYmWucpvChmN4XgwGkjOVq4dQY+9iz3vxSBAXlsCho1h7S8NWVdEdDOBC5NgTH86BjuOWf+OVE42MGaYHCFmbW4HgtHDdjTKKpwfCwju7nhUOSeb3XYE9yRh04g0mzU2XNR0GbIarXzccPnExyjPPy8cp1XrtuKz9iRh5dQ/oQ93i75GngwV8GkZNY65GbtthEGSJn7jSRlYP6xfLzccUOk0VGAgu9AU4JskTV5NJoQzkfJhlOX04tM0lrI5Hs1J/MdbCP6H0nOI9Bv/ZbGVk32qC59+uv7pNnR6YAi8B+hg2P85ilNOoSQvB8aSWzDmZKHi6F50HPEA/Np3RObGNbiTc1XuXUuc1SefWuTl2W2Jt9Q1n7K0rnvFFrK+xb6WY648owRXB7ce08Wdb+wIGWCGXSzZjZ6uZyDEXDGrP/6ZJjsXBT4yASybP0b6WwbMFOYNO5tc2YGlB8ZgwdPBMoCoDSYpWhRO4ts4IGaEcoPDf9yVx5mrQX42qxHDK9lIC+uFgMEPIiZuI+LMoiwJR+IsQsY82mIupIJVOD8WE9wPDlHirFHO45gR4RY7EQ1OsxA2ZlHTpgCGkoPwv8sDaYk7kZOWiNNfvYfwWVtlytpxcHMqeq7gUzYzsRgJGGEWKCexcmkeFos45uaH4NDmgyxUpQCvXw2VUz3DELlvZ406NS2zZs0yO05loqZKTIPwMsvrwc0fWHW24mKlnl2sg3/84jDEy6mqbWNZWb62F2baqRzxsS9P2krus9ZGCNaA4oTjaOPdCu36M1FzeBcMpSUwlhajdXEhjAXXYCi8DuOdYpR/uwd+o0bB4+oV5B3ZLfd2wN44c3lV95u9Mk5QSX2ysrnx+oz3VWzC6tON2U9bn9rrtsUuTPSsTcC98+Ux2X4pS/+laSOVEzgkXLnzdXLVs9wFBqKnTV8tRibmTMbAlnLFDOrFBPsObJRTIlzEbGQdrjqSwDn179UIZnfhAdSL1At87UhU1DzsCIvF5MGOjXrqs1VIDhuD+5rTGhv9RSTzURQTH41Kxv4EtU0pgkcVMny0RTf6PrvRFqtwfiwukhyah4/m6NDLVhkRDUqTFzZaUVOq/wwmQxra9OoF/4BWqLj0HYY+/7lMWQfGPohJ/vwuJACTJoWwzvu87JgG45Utc2WcCTmXlS7c0sH5YvGEQSLO6M9HSaw7v5rAFwmrrjJRwxcZa51jWH76PaF0tEKAAO8v5R29ZoSlP4tfNB5deN6NV5EqZhWrkXuzrUzo1tVXBNW2zLcSvoN3v1AYU5JQfCMft39IhvFsBopT9VbOZAQqMtIRFD4cOYd2yb0dMDbaXGZt2S1UVZ/A7EnSJmLqjtntRPUkyprtu5Aj9/twyxPsm6oHv/ut1SVPHZmYGNBy7gS7xuDdJTFIXjONdbasw33bDWOieYSsQb4mCcsQyzpg6kbqBzEltWcPlgWvwtQXdrBu2hqx3iZOh9j5MXajGk0ZsY5GjIaaMHAEa1MHjitlUwWPSMVHb5SbC+uiWYeL0RtnU01iNMfBVBbRoDRpYWMnasouwTNwAvKPnURR6gUEz/1WpnREEHqwO9zkK7anoj2RXYPMw9smP19Esk/lUnkVn775FkKeUu7+FzpYv8o7JmVD+agrtguCuV91Kj+sszinyOFi7vgUlNLJa0ZY9LvwuymsbGJkYxsqGQexQy1yXctceuMaWnl5sbxkMU8pOm/c5tCVZOWiLC0dbXv2RElu5VNRaplVZ53FqurTFz385D6skIpwq0q2BWLyIjnSx2351FsIfnMXcmVsXbFMsyhD2iotcmSCt+nBsXJBK3Pv3QcTswnvoLh94j5KQ+ykcKejX0TNUaekBk6KhS5lPxI062i4qHl6DRC76V1EBzUnMalHwgHLOhoTn46SZeMixTxtJESJDnZrgq3C+bGSLVPGNugT9onRHBqwaVyarLA5vCqsDqKG4+REy9EjmXdg/tLPMffUjNwCHJSbOHMQr6eFYJu8+/9wkp+MaBicP+VUM/J2r7Ja76NenLQjLCe/TsAh8wjHXMzpLaIaFVN5BYyFhTAW3YSn4Y4MdUxFhZFXKYxuFTKkFlRZnwXI1iiSS1cK5FblmPhI3yLlmGlbojE7LQELbddi1Rj7qSdOcA/eiSt3jDvmP4JxfOTimVWsTSdj9TPjsLp+mlDTRSPY+UijedHmlePYn5KMVU8/oozmiKeidmBe1Iua9RNEbTFduchaWDB6dlP8iqgJxrI9UtQ0q46bTw9pRlHM01FJQvCYp43EPY39aIsiVsZgmAjnx5Jt0AG0cPinoUkKm71/C8WQ37xfB1HDCUTkcF8c3LzNaoEr79APBofgYU07PGheN6PH9s9SgbGhsDwHlIfUq8pF9NPtLK4Bqfy9NNXHPzxErPexXuh8Ev/8qIDZZBB4dy7O2Uy9Mn1ydRf+brUWpXFw7+iDkouZMHn7wHDzNnKfjHHo4O4Ozx69cDMjA54+neXetaXy+lyjTj3lfI01zCazh/KWEIhgJvwOxifJ9UQncdBsL/5o/Z+w4rTa2Sojhbqudb+UhfMh8jXblcdo+dNPKeoCxUGIVUctuNvE7qbZX+ymPZjrcAGjq5CE1RqhcmqVXPvBy9xtIt7V2mQJf8qMPyr/LmJkZ0xUH7G2ZpX6tBAfDVOe0AvnfX7iajlSEyue2GteooZhs46G3zHxESkc2MjEsUbIdO3JZM0ObPyP5joqyp6MmKfl1JuzUR2BMsrqbDSHaDialLApyr8kRE3o6LeR/O0ndRA1Cn7j5iJ+GvD6q8rUA3ePZw5D/KLx8NO0tMhpvjgk4j/A62Dx0wcpDbH/KCwOLpD7bwMmDUMk69rS6vAkUFXYihvuV53K0FkW5whTAF/nEY17NYuH+/CXEs5/Ax+OU+aFB01gZUmT0ydrgTnMBlzo1HYhcG1of/8DuHb8OExdg5mwKUXrDq1ljAUDu2oaTB5o3TsYWWcPIGDUeBlTC6qsT1/MxhHFXq8mANNm4uV+SkOxstfU8+jB7SUYjFfEgmEezt16LOgdjZf7y+g6YBoci2XRfNRBGYGIWcI6EpEdVURJJ9uyeFpFbrsmgzB3STBWT2f2YDYR7/jhjx3zMluN5GhswjaaXcfbBAh/YTNi0+cpo19R07Aasdg8V5miEa8hgDI6JkYMpWs2o4VW62gUTEH3YQwf99QKHlM4u4FYhmB1TRd3C9LEDYR5HRc/FrfFMxY7CCdEoTKak/z3qdZxUc3tnT/ND6s3Dy9YMF+8fK+6vPbaa1i82NHL8WrHmhd74+lXP0Vbz3bYs+Z38OluQNC9I1F0Lh13rubivtePy5TVx83NTXl4RYO42MltN3cWzz2aNHbxcptfIPmxlAWfbuAvZxTbIjHzc5nIPBaLVh/tQmD+/hp1AXHtR3FkfrRo88YKon25JC+DKBsvu4zj23yDJ+OdhWoLvs1Rbau1V00oy8tB+tI30LGsAp1GRaIkLg5GQwVMBgMM/JsMRpaqFXwejUHW/q+QU5GPoUs3wSuwh3IADbZ5U7HLs/RzzGVmG6acrzHzlVRErZiLyepoXjXsJY5rE8exzUeVyGPY2lKbX6v8aFH35eWo4dc2O2zrwcZeZpzYk6g+Vm2PodrSNtyMs/bZ1JBtw9m1wrrNsLQ211Gr88ymPWoxssuX3TVY0tTbpUu9eZj/TEJ8fOVveFXh6Xj6+qaNuwcKv30HQ7q1hynxEhI//ASXf8yqlajh8EbIG7DWaRsUb2BGmzR28Wq4TCcatXZbINPVsrXavnF45kzxUQdkfrTOqmDWceayaeJEMWW8CNZsc6z2qQWefgHo+vjTyL1dgLxv9qBdVDRa6wYAXj5wa+WNtgMGwWdCDLL3xOFSYSb6zprvUNRwbPOmYpdn6Rf5VvOv2c2qvWgPpw1nTk3nKM4cXhPkMWz31ObX6WHVfWvxtc0OG1s7LbITexLVx6rtaWxpG252zcXYsm3YopbLOkZTPjVem8CmPWqdo31V11xM1VxpUr8V9dQjXbDwyV/griHjUQIPnN27AUV5lzB+8WmZwnU5edLxOO6gQfWz7qYpcyPhCDL/sQrIv4ruoRHwDFQmuYuvZCH97GEYOnZAKBM1AcPHifAGIVcZsRm3PBaTtAvLCYIgWhjNfcTGStj81EwZ4wdPd3c81NcXgR3aoFtEDAbE/FnGujaOhA1/WZ+zH8F0Ne7kXEHe4W9w9dtdKL2eB1NZOTy6dELQwxMQ+NAEeAX1lCkbiJY0nUMQBFEJJGyIesHZy/ZairAhCIIgmgYkbAiCIAiCcBlcavEwQRAEQRBEc4aEDUEQBEEQLgMJG4IgCIIgXAYSNgRBEARBuAxuGRkZtHiYIAiCIFoAPXv2klvOocXDBEEQBEEQTQQSNgRBEARBuAwkbAiCIAiCcBlI2BAEQRAE4TKQsCEIgiAIwmUgYUMQBEEQhMtg9bh3QUEBjhw5guzsbBninB49emDkyJHw9fWVIQRBEARBNGV6toDHva2Ezc6dOzFkyBBERETIEOfEx8fjxIkTePTRR2VII2EqQ0XSIty4UgJjhQHt/UrgPXQp4PkzmUAlFRsWxgPTp2F6sAwSaMOvY9fanTgy8FH8JaKTjK8m149j4fJLGPnKrzC+hrs6YtKkSXLLmu3bt8staxYvvoYFCzpLnyOUcm6RPqA9XqluXtP2Y+wG4L2/jAZ2fIS5iMDemBAZ2UAwUe2WkgLDmdMw3SiAkf2ZvNvBfWA43HX94d6psrICyU7y6Sy8yZF3AEtev4rHPngSoTKIc27LDCw/qGyPeukDPKlTtoF8HFi8AFsvSC8n8hV8MEW7twsi7LQV6cJzD57863yM8hMexjlsnbEcB6SPc88TizF/dBfpI6qPTfty1raSt2LGF0FYvGAUmpuVlXNrFF6xOedEmU4OluVV7HB1ovbc4yjh39+vtC9xLFRio5Ww/56fiJYgbKymovhITXVEDYenq87ITn1Tdvw1GEp80T96PsJ//UcUFxiQH79exmrpwP7Yfx/FZ0Eb7o2OnkDbDt7cUzPae6EtWqFje+mvI+vWrbNzzuCiRvtpjyJqLk2bibQtbyhuRSgSlv8bu67LJJXh05b9aws+FufLTePNLdZwuP34I/Dxx+hwTY9u48ehx+z/Ra//mYZukSPQ5kQ8iv/xd5SdPSVTO8ZZPhsj/3XG3Fmz9iiDBOyCuPxgDJbt2YM9S2JwYOVW1nWrlODmBR1iN7E4Hs/dvJEyzlVhwoXZqc2czUp5N41HIvObbZJXBD2kvaRb88TdMpKoCee2MFGjWybtuAwxB5djyf58GSsRHTaTkZ4+7LapuZGPIr0OurADSE6WQZL8Ij10oX2kTznPwuzui5Tw8ZG8ffFjQbOPNfx4CAuD41iiIWhWa2xapz6Gbv0eR++RU5ii9IAb++s/biGMN1nDcUGciRt1pMbpiM31ElxisiQq1BOZmZmKaz0ac8beQsLF6igbCwOmMVE0rZ/01T9C1Hz5FTrfPxS+4yfAvaQAbklH4XY6Hm1uF6Lr45Pg79sRtz7bjNIziXIv1yF//xLMYJ2zLjpGhlg4l8I6jegIBPP66/NLxGovwnl6XMA9CGwr65e7yzYdj6vBCn+ACZdnomS7bhuF/4nW2OT2ZaSEdYePag/msnIKZSRRE0bOY4JmdrC0YzAiooH0ghIZq4x2zFjJZGS01TBGM6IEl8/dg2emxmBXiuV2gVNy2Q2jB8klFskJ+JKdZ91sL7UyPMiXty9+LOCeIMfLMkoup7DIbuJGkWgcmo2w4aKmy5DVaOXjhssnPkZ5/nnhOB6t2ojP2pOMDQs/wlju1h6HVdfPp2XUOOYWxtsIg7Oa+B2pMrB+WO9oIEpS6TRU70DoUICvEzNlAKNQj75PvYEPf95bBrBS77CUa+xCx6M5h99/C8Hvx4ttkX7HfoutnOxTbQoKgL370DliKLwH6GDY/zmKU06hJC8HxpJbMOZkoeLoXnQc8QD8O/iicMe/UHEtT+5cS5zVJ59a5OWJt8Rb6ppPWVrXvWILWd9iX8sxN6QpwdWhfegsbGZ3xc/db5QhKuwukFWfrlsntsW4dgvlJiCzSIoX0Yn3QJeW1G/7eLB/RtxRxQpr03eY2VSb5OdcoA6knsi/rBXKR3A4DogZMUj6gY5j+WjOO/hlNxnQ3OA3Buz86RgagZivd+KA+bJyDgm7VMHCR1vYSejgPLMKFzcZMRje39HJmA99BrPdAzo4iiUahmYhbMyipk0BDCUH4X+XB9ISdyInLRGnv3oPnScskSlrx6GPsxC2gk/ZzMRiz3P4jVmgpGLDhiIsFnHMzQ/B9zvPMBmkUoA38gfIqZ5hiPw+vkadmpZZs2aZHacyUVMlhTrMZXk9vH2nVWfLL1bmO1jWwc/NH4Z4OVW1bewtLD9uL8y0Uzli+/siaSu5z2c2QrAGuLFbbS+fNmjXn4maw7tgKC2BsbQYrYsLYSy4BkPhdRjvFKP82z3wGzUKnrk5KD55TO7tgP27zeVV3bT9Mk5QSX2KqUVWnuQAxSasPtvu3Cnr037K0mIXJno+O4fB8+Ux2X6XNuzXtJHK8e8fAk92V3y5XAaYaS9OTstdoD96BDObuSuD/qITT1mDWTPYnbNw2mkqFyWgJxPsO7FFnRLJO4AtXzIzXFZGEsSd8c6FeFy1yeIDiigkao0YmZmxHLvCYvFLncWa/XV8NCcLt2z1eHOB3xhwEXwtFBHR55GYqrapImRqhAxvU7rIwXZi2SpcjhR2crgygI/m6NC9E7XExqTJCxutqCnVfwaTIQ1tevWCf0ArVFz6Dv4x78iUdWDsg3isNR9y9UT0r0NY550jO6YI/GFLLKJFXCYSM3JZWCtNI/fF4gmhynBt684IYyH2a3qqB18krLrKRA1fZKx1jsnH5d6TlI5WCBBgywbe0WtGWO6firQ3R8FDDDUn4iy7q0DraqxFMdsqEz8LYJbw8BJrlmqD8expePcLhTElCcU38nH7h2QWloHiVL2VM7GLZ0VGOoLCh6Mo4ZDc2wFjo81l1pbdQlX1CcyeNEaxSetRmM3tdqGqUTgmejyA9z/5FIlyvw+2TMVDMrYqCq/lV3onZzKqsYUwaH6uVnTirLPhoz18HcSy6ANY7uodeefxWLkkBuc/XqAIlw0+eCSahbu3Yv+UO2NEq+tCNiPWcysWbHF5udegiCkp3r7uWYXpr1raVz5rt80ZfmOg696FnVX5CL0/BueOpSllUwWPSMVHb9jNRWAHm3PUOrzSkUI5ZWw3lUU0KE1a2NiJmrJL8AycgPxjJ1GUegGej/1TpnSEP7qzO9wUfdXjCZGsg9aLllsIPVMmkcwsSiP9ER/O/zP6xSp3/+8m2K8UL78tT/BCI+rjZ9JtFwRzv+pUflhncU65dlkRXMyFPKV28poRltTPMWXa27hPjGwchtXARmUYy6StWNnreLdmKLqJVl5egD4LKC1F543bHLqSrFyUpaWjbc+eKL9eyVSUsdRcZtWVWOWxqvr0RdcOeuUiVqhHZyHcqpJtfvjVmzOx2P0cfsNtGfs2+sz/nH1T/ZBung7IxyXlUSDBoFjW4awcJ0Z7eDmDH4uF7kIi0uo4U9ekYXWS1edZKVyYWzUUFUx36noEsMi7Ef0OC3tOXRfiiXHTYoCDya4/ktWAiCkp3r5+6UrtKx9p31rW0eTrIhBz/qgoGxcp5mkjPnoDHXr4yQueilU4P1aKFEn25KcebnlTxk2AJitsMr/4eR1EDaccRq403C3TB4LruUhhHRhrh2ZMRs08gL4A8ulaIO0MlmeHYJu8+98wqWEfaHT+lFPNuB7/b6v1PurFSTvCknz8HL43j3DMxRzL0ptGw1ReAWNhIYxM4Hga7shQx1RUMIXC6tPoViFDakGV9VmALM069IuXC+RWZTAxnO2J6DeVY6Zticbs7HN413YtVo2xnnoyT0118xc+UafZUoRx/23ehkNw9z2K32XRCPbM7CwwU8vpOl4PLMwsBJm/lLWZsLvoaZR6IP/CBSS7TPsqgf68ZR0NxHTUORxNPScEj3naqL073ByMtihiZTQGi3B+LLUN2lOi5w2U1n01Nk1S2Pz4aRSG/Ob9Oogajh8eivDFoY93WS1wTT6ehEPBwRipaWmHPv5eTj1dx66v2G3x2D4YwL0+fIg7F2cT+YU0Eeu21XIBTTWp/L001af38FCx3sd6oXMqtmwpQGTEAPBv8W3N/mVkK9Mniduxep9I1KgYvb1QcjETJm8fGG7eRu6TMQ4d3N3h2aMXbmZkwN3L6oHomlGN+lx/RgrC68exkSnc2YP5E2F+uIcJv0PfJ8v1RKk4bB7i4o/Wr8biA/yY3HVEVyZIBoTUVSkWQvdADJLXxykjDslxWHtOXaDI36ExQ/P4LfOvWovk6OHQufSdIX9PzRLzQs9zW97Cl2Gx+JWwCY+bga3mxU3Mv2inw/URRNWItTXmaTzWvrZ9CbhK+5ILhy2jKPkIfSwW7sd24igTPGYhE9CDyZo4fPQf9TxjJG/Fgg3nEDM1Ch34/mKqycGojkCZHnU2mkM0HE1K2JQU6IWoCR39NpK//aQOooZTCK/I5xE/zR3LlytTD9zNvTIM8W+MhpempUVO64zTIn4nlruz+KdCWZNkhD2ExcE38X9i/8PoOHkYIpGHC3W9Ga8EW3HD/apTGTrL4hxR2GE01m+JxuCdlsXDYxfGo838N7A+sr04yQb8nJUlPUmZPvnMC89PY5f/i7m1XghcG9z7D8C148dhYkrAcLMUrTtwtWWNwWRizgOtewcj6+wBdLj/YRlTC6qsT1/M9jir2Gv5ObhPm4nYYN4SCnFvFEt74b+KvRbmoDe3lyACfxALhnk4d//EH3pFY27ful/K8nXPYln0bizn60lW7kbMkmcRKgb17sYTazZjfKJcazJjAbZ6xGLzc7Lduiwj8fslOmx9nZeZv1wtBstWjoOXsAmL27MM3iuVOL7g9UD0Mqwcb7s+gqgOI+dtRqx+uaV9ubtQ+7JaR6OQ334gRrudxzmt4CnU4TnWpvqoa7q4W6kX7456NlSOlvJjsdviNbPVdiedEIXKY+DJa2dZx7WEhf4/MU3qzcM7VzyMp1/9FG0922HPmt/Bp7sBQfeORNG5dNy5movAp7bJlNXHJ6AnOrXT6DfDHVw3D+H7ILBHJ3iW3YGhXVuIbtVBfFv+lCl/zLSoDJ4dPFF2PQt6BKJnJ7ktEndBt97twZ/RvVyLGSXtQmD+/hp1AXHtR3GU/GilQrk2bz48/20VZcvKfKvME+09y5Syd+6G3h2AW5mXwQ6C9rglhvi7aLbFIbht1X1ESM0w3riGWxvXoJPBhE6jIlESFwejoQImgwEGuLF88QUyreDzaAyy9n+FK6U56PHyUnh2CVIOoME2byrW4ZXUZ/4Z/GnRBTzy9vP4bTelvRhLrlueItPaC+W4U+KBtq2KleNaxTHK7fNRJRqba/cU+ZeVaFV/VmVhWLVbF0bYSW3V5Tb2smnztakHQlK99lXXa8BPAm9DbUtt2oYsL2zLaXsdZdcN8zWfYdUeNYi2xy+f1tdgBdt227j0bGk/qfBT/1YUFzYz532Govg1qLiegR9PnoW+1A1e/v6497k4mco1uXbNXg1xcVN7YdM8KDuThKLtm9DFsz38Rj2Cssx0lKWnw1hmRJu+wfDsfhey98Uh61YWAqe+CJ9BDfR23TJF2Ix5MwbDPWUYQRCEi9HihM1Pzeu/G4KFT/4Cdw0ZjxJ44OzeDSjKu+TyoobjSNhwOnd2bWHDuXMmEYX/2QKPG7noHhoBz8CuIrz4ShbSzx5GWXsv+E+e2XCihkPChiCIFgAJm0ZmwfSh8HR3x0N9fRHYoQ06hY9FUMQLMta1cSRs+Mv6nP0IpqtRcS0XxSeO4uaJQ6i4eR2msnLgZx3RcVgkOgx5CJ5+ithpMMR0knZqkSAIwvUgYUM0Gs5ettdShA1BEATR8JCwIQiCIAjCZWgJwkbzuBBBEARBEETzhoQNQRAEQRAuAwkbgiAIgiBcBhI2BEEQBEG4DG4Gg/ipSIIgCIIgCFo8TBAEQRAE0VQgYUMQBEEQhMtAwoYgCIIgCJeBhA1BEARBEC4DCRuCIAiCIFwGEjYEQRAEQbgMVo976/V6fPHFf5CZmSlDnNO7d29MnPgYAgMDZUjjYDKWIuurmcjPvgVjhQG+QeW4+xeb4NGui0zRPLnvvmFyy5rjxxPkljXPPZeI998fLH3Nn4r8fBT/kICi49+x7Wswsj93n/ZoHzEcHYZFwNM/QKYkCIIgGpJm/yOYWmGzbt1ahIeHIyIiQoY4Jz4+HklJSZg161kZ0jikbfsVTIau6DXyabi5u+P0jtfg1SUcYZP+JlOonMTKqTuB1/6Il/rJIIE2XI/tiz7ANxEz8MG4Ggq0nK8x49VURP0tFpPqoc89eTJRblmYNWuWQ2HDRY2Kc3GjlPN96QN88dfq5vXMv9BnKfDJ5t8CG/+Ex/EofnxmkIysf+6cSsK1bdvg3dUP3qz9ufn6sMA7KM+5gut79+KW0YjAKdPRcajzdnnSST6dhTc5ruzAS9Oz8Mw3z2OgDOKcWjUO81hz5UQv3o3ntdWduBpRC3ZITwzettnXJRF2Wo1k4dHh+Q3vILqr8DCSsDpqHuKkj6Ob/RFWTmzcmy/XQI+4F6dhdYr0Pvo2vokNlx6GC7Q95dxykHdetqMjZXkVO1ycZnPuyfD9o5T2JY4FGxupCFuhWdnIpd5jw0dqqiNqODxddUZ26pOr+wahW7/H0XvkFGZ4D7ixv/7jFuK2/oJMoYXH8v+22IfXqgrZTmK/Wu1cPdatWye3rFHFTFWiJmXaTKRteUNxK0Kw+9VV2J4jk1QDXjQ387+GgYua/E0fwXfoIPiOnwD3kgK4JR2F2+l4tLldiK6PT0LnDu2RuW4lChKOyL3scZbPhs5/vWDVWWtgF0R+4V22Zw/2LIlB3ILVOCWjxD6sY4lZwuJY/OY5aZj34g52uXVlmHBhdsKczaLMezaNwX7mt9gkG+mskxX2ku7dx0jU1IZTq5ioCV4m7bgMMTvn4aUvZOuyaXt7lqAZtj09stJ10IXtwBGbe0p9dhp0vYJUH7JSdOites0o4WPu4+2LH4uJaPM+1vDjIawXqCU2Hs1mjQ0XNV2GrEYrHzdcPvExyvPPC8dp1bqt+HQ11q+XGw6odBoqJwcp8EXUwAAYjSbF+Y/HnLEF2H2qZpefQdOZKJreMKMdfPrp+qfb0OmBIfAeoINh/+coTjmFkrwcGEtuwZiThYqje9FxxAPwa98RmRvX4E7OVbm3a6D/4kVEsc45ODpGhlg4dYzdEUc/iIG8/gZPRqzmIqxP2I/k6GWIHazUb8DEd7HnvYlwfGl1ERKPII4Jl+kTZbsOYtvRmo5JfxHJrAMJUNs8d/Re9VoR/gITLHPDpR3D8WA0kJytXDtE2wuLxWTZ9kTbxH4kXBHRzQQuTIIx/ekY7DiWJMMUcrKBMcPk0DZrczsQjB7mUUGJVTg/FhDc3fFweE42u2UJ7knCphFpFsLGLGraFMBQchD+d3kgLXEnctIScfqr9xA+a6tMWVuSsHLqn9CHu0VfI0+GCvi0jBrH3IzdNsIgSRO/8aQMrDl82kl1nMpETZUEBkKHAnyTpMmryYRwJlI+jLKcXnyaxlI2x6M5if94C8H/UHoOkX7jvyy2crJPdSlOOI423q3Qrj8TNYd3wVBaAmNpMVoXF8JYcA2Gwusw3ilG+bd74DdqFDyuXkHekd1y71rirD751CIvz25LvKWu+ZSldd0rtpD1Lfa1HHPlGSW4Orj1mI7N7K43doQMMMMuluxGT9czEKJvZvXHP9NE56JHwoFkEad23CYWzzuZltCPs6KaNyw2YVbhd8bUgdQLJiFoVEOfxLdxQMwI5QZHHf+0rodkZFlOj6bPlWykcRE8+EHExG1EnFmUJeFInEXImEdbbE4sq3B+LCa4HxyixFmjnMcxI8JbxLnZVGjywkYrakr1n8FkSEObXr3gH9AKFZe+w9DnP5cpa8/BzanouYJP2czEYiRghFmgnMTKpXlYLOKYmx+CQ5sPslCVArx+NVRO9QxD5L6dNerUtPC1NKqrTNTwRcZa5xDTILzM8npw8wdWna24WKlnF+vgH784DPFyqmrbWFaWr+2FmXYqR3zsy5O2kvustRGCNeBWwnfw7hcKY0oSim/k4/YPyTCezUBxqt7KmYxARUY6gsKHI+fQLrm3A/bGmcurut/slXGCSuqTlc2N12e8r2ITVp9uzH7a+lQv6ByLXZjoWZuAe+fLY7L9Upb+S9NGKidwSLgywuDkqme5CwxEz2C5KQnufhWro8YhSjjNlIyrEtSLCfYd2KiZEtnIOlx1JEHcGcf9HuNUm7j81FzDw9eOREXNww45QsMJ7MEaYgq7CVBHyhK3i7U4qsBsFvDRPS6CTXw0Khn7E9Q2pQgeVcjwNqUbfZ+dWLYKV0cKHZ7DfDRHh162yohoUJq0sLETNWWX4Bk4AfnHTqIo9QKC534rU9aRsQ9ikj+/QwnApEkhrPM+LzumwXhly1wZZ0LOZaULt3Rwvlg8YZAyHOvPR0msO7/aoF0YzOF+1an8sM7iHMPy0+8JpaMVAgR4fynv6DUjLP1Z/KLx6MLzbryKVLFcqhq5N9vKhG5dfUVQbctceuMaWnl5sXM/i3lK0XnjNoeuJCsXZWnpaNuzJ0pyK5mKGhttLrO27Baqqk9g9iRpEzF1x+x2onoSZc32XciR+3245Qn2TdWDj7TU9pK3Y8ERPCTXkiyL3uH6a2y6xuDdJTFIXjNNES5vu2FMNI/gNajcGSNaXReyGbFYjadXWU8zEDVDTEnx9hW8ClNfUNqXaUgsNs9hEnOBFJDHeiE2TEnfXBDraMRoqAkDR7A2deC4cu6ogkek4qM3ys2F9TlqHV7pSKEYzXEwlUU0KE1W2BxeFVZHURMEfmORfKXqS31k1yDzsKrJzxeR7FPp7K7i0zffQshTyt3/wngRaAXvmJQN5aMu2IqaOsHyJQQXc3wKSunkNSMs+l343RRWNjGysQ01meBRi1zXMpvKK2AsLISx6CY8DXdkqGMqKozi+4xuFTLEMWqZVWedxarq0xc9/OQ+rJCKcKtKtgVi8iI50sdt+dRbCH5zF3JlbF2x3AXLjluDbs5kZf0NcwMnxUKX0tzWOdQQ3qYHx0rhwtx798HEbMI7KF4PMe+xMPO6kABEPx0D7Dzi+iNZDYg6JWXVvlg9iDVdaj3M7YmLfI1JD4ddexOET+Va1tGY+HSULBsXKeZpIyFKdLBbE2wVbpkWdnQ51CfsE6M5NGDTuDRJYbP3b6EY8pv36zhS4+ROOEePZN6B+Us/x9xTM3ILcFBu4sxBvJ4Wgm3y7v/DSX4yomGor/fS5O1eZbXeR704aUdYTn6dgEPmEY65mNNbRDUq7h19UHIxEyZvHxhu3kbukzEOHdzd4dmjF25mZMDTp7PcuxZUWZ8FyNYokktXCuRW5Zj4SN8i5ZhpW6IxOy0BC23XYtUY+6knjtJ5yDjWbtWWqzThYPTsJryuCxc3sj3zkUbtok3rdSHSJrxTUbxEHTBducium5b2pa7pEu5SlmMB0GTh00OaURTzdFSSEDzmaSNxT2M/2qKIlTEYRguHmyxNStgU5V8SoiZ09NtI/vaTOk4/BSJyuC8Obt5mtcCVd+gHg0PwsKYdHjSvm9Fj+2epwNhQWJ4DykPqVeUi+ul2FtfA2Iob7ledytBZFucI//AQsd7HeqHzSfzzowJmk0Hg3bk4ZzP1yvTJ1V34u9ValMah/f0P4Nrx4zB1DWbCphStO7SWMRYM7AJqMHmgde9gZJ09gIBR42VMbam8PteoU085X2MNs8nsobwlBCKYCb+D8UlyPdFJHDTbiz9a/yesOC0v8kZlpFDXte6XsnA+RL5muzLiINYxWBYoWsUxTn22CsnRDyLc0q+7IPw9NS+aF3qeWiXXfgib8LhxWG0e9GT+BTscro8gqkasrTFP4+kR95HyhJ5oX/xxb/OaLhb3Nm970zXvE2ri2KyjYcpGjEjhwEbs1wqerj2ZrNmBjf/RXEcTV+PpNcmIeTpGs3DYmahTRlmdjeYQDUeTEjab/zwSEb/9CEHd78K1MyeQuO8U9NfDcPbfe3HxZEqN19T4jZuL+GnA668qUw/cPZ45DPGLxsNP09Iip/nikIj/AK+DxU8fpDTE/qOwOLhA7r8NmDQMkaxrS6vDk0DO0C4InjlTBjpAu8iYO0eYAvg6j2jcq1k83Ie/lHD+G/hwnDIvPGgCK0uanD5ZC8xhNuBCp7YLgWuDT8RIlHbrimsHD6D1z38BY6k73Dw8RJyBSS+DgeXU2Ao+P38UF/d9ifL27REY+aiIrxVV1qcvZuOIYq9XmW2nzcTL/ZSGYmWvqefRg9tLMBiviAXDPJy79VjQOxov95fRdcA0OFZZO8PXMYj3hsRioGy3PE68P4THMTcvLRab57r6kxeDMHdJMFZPl2Xm7/h5L0Yu2mRxe5bBTV33wV/UF70M7060XR9BVIfwFzYjNn2etOU0rIamfXWbiAX8vUm2cc3F0FbraBRMQfdhDJKtp41M4YhlbSpYXdPF3YI0xG7aI16zIJLxY7G/Vc/IeNUJUaiM5iT/fap1XEtY6P8T06TePLzmxd6YOe8zFMWvQcX1DPx48iz0pW7w8vfH+MWnZaqa4ebmpjy8ooEPWauFdnNn8dyjSWMXL7f5icuPpSz4dAN/OaPYFomZn8tE5rFYtPo4evMwfzqq9tNTMj9atHljBdG+XJKXQZSNl13G8W2+wZPx0QjVFupwv2pbrb1qys2EY8hYuxydW3vDb9QjKMtMR1l6OoxlRrTpGwxPJnKz98Uh+3Y2+r30ZwQMHyf3tMY2byp2eZZ+jrnMbMOU8zVmvpKKqBVzMVkdzauGvcRxbeI4tvmoEnkMW1tq82uVH45tnmz2dUkqLTOLs2nzNa4HwoxV22NobW17XW1WbU+2IWfXiqralOWaz7Bpj1qMRjGL7pCmbi+X+kmFn/q3op56pAsWPvkL3DVkPErggbN7N6Ao71KtRU1zwpGw4QwaVD/rbpoyNxKOIPMfq4D8q+geGgHPQGUsuPhKFtLPHoahYweEzprvVNTUC7mKsBm3PBaTtOuvCIIgWhguJWx+aqaM8YMnk7gP9fVFYIc26BYRgwExf5axrk1NfivKFbmTcwV5h7/B1W93ofR6Hkxl5fDo0glBD09A4EMT4BXUU6ZsIEjYEARBCEjYEPWCs5fttRRh85Mjh5SthpkJgiBaICRsCIIgCIJwGVzq170JgiAIgiCaMyRsCIIgCIJwGUjYEARBEAThMpCwIQiCIAjCZXDLyMigxcMEQRAE0QLo2bOX3HIOLR4mCIIgCIJoIpCwIQiCIAjCZSBhQxAEQRCEy0DChiAIgiAIl4GEDUEQBEEQLgMJG4IgCIIgXAYSNgRBEARBuAxW77EpKCjAkSNHkJ2dLUOc06NHD4wcORK+vr4ypJEwlaEiaRFuXCmBscKA9n4l8B66FPD8mUygkooNC+OB6dMwPVgGCbTh17Fr7U4cGfgo/hLRScZXk+vHsXD5JYx85VcYX8NdHTFp0iS5Zc327dvlljWLF1/DggWdpc8RSjm3SB/QHq9UN69p+zF2A/DeX0YDOz7CXERgb0yIjGwgWNtzS0mB4cxpmG4UwMj+TN7t4D4wHO66/nDvVFlZgWQn+XQW3uTIO4Alr1/FYx88iVAZxDm3ZQaWH1S2R730AZ7U8a18HFi8AFsviGAN9+DJv87HKD/pdUWEnbYiXXhsy3sOW2csxwHp49zzxGLMH91F+ojqY2PLu5/E4gWjYG9JpS1+f3/zs7Nybo3CKzbnHJK3YsbJwfhgCg9Vynd1onruqViXWxwLr8h9bODHWwn77/mJ6NnS3mPDRc2QIUOwdOnSKh1Px9M3NmXHX4OhxBf9o+cj/Nd/RHGBAfnx62Wslg7sj/33UXwWtOHe6OgJtO3gzT01o70X2qIVOraX/jqybt06O+cMLmq0n/YooubStJlI2/KG4laEImH5v7HrukxSGT5t2b+24JLVl5vGm1us4XD78Ufg44/R4Zoe3caPQ4/Z/4te/zMN3SJHoM2JeBT/4+8oO3tKpnaMs3w2Rv7rjLmzZu1RBgnYBXH5wRgs27MHe5bE4MDKray74dyNJ9awMB4u3bJoFhw9C0/cIxK4KKyzZXZqM2ezUu5N45HI/IpNGHlF0EPaS7o1T9wtI4nqwzvt5dCrdt6zGbGeW7Fgi9nSZvL3bxACu02HeroQNhr5KNLroAs7gORkGSTJL9JDF9pH+kpw84IOYXb3RUr4+EjevvixoNnHGn48hIXBcSzREFgJGz5SExERIX2Vw9NVZ2SnPmmd+hi69XscvUdOYYrSA27sr/+4hTDeZA3HBXEmbtSRGqcjNtdLcInJkqhQT2RmZiqu9WjMGXsLCRero2wsDJjGRNG0ftJX/whR8+VX6Hz/UPiOnwD3kgK4JR2F2+l4tLldiK6PT4K/b0fc+mwzSs8kyr1ch/z9SzCDdc666BgZYuFcCrtfjo5AMK+/Pr9ErPkiXAh9tqxX7r76K34fxzr050KgLxS7uias8AeYcHkmSrbrtlH4n2hNx3T7MlLCusNHtQtzWTmubJCGQhHO76h2zvTEwFE6QF/EunAt53Dg41ZMHEhvs6IEl8/dg2emxmBXirVgK7nshtGD5ExEcgK+xD3oZnupleFBvrx98WMB9wQ5nr0ouZzCIruJG0WicWg2a2y4qOkyZDVa+bjh8omPUZ5/XjiOR6s24rP2JGPDwo8wlru1x2HV9fNpGTWOuYXxNsLgrCZ+R6oMrB/WOxqIklQ6DdU7EDoU4OvETBnAKNSj71Nv4MOf95YBrNQ7LOUau9DxaM7h999C8PvxYluk37HfYisn+1SbggJg7z50jhgK7wE6GPZ/juKUUyjJy4Gx5BaMOVmoOLoXHUc8AP8Ovijc8S9UXMuTO9cSZ/XJpxZ5eeIt8Za65lOW1nWv2ELWt9jXcswNaUpwdWgfOgub2V3xc/cbZYgKuwtk1afr1knpTK7dQrkJyCyy7lp4ugNfHoBuzi8RfNk2zsXw8WD/jLijihXWpu8ws6k2yc+5QB1IvaAIZ4soLESJgX+6Qzsuc27LcngueQ2jm+OP8uTpcSGsBzqGRiDm6504YL6snEPCLlWw8NEWdhKydF1s9LFVOD8WE9zD+9skEuRDnwHEPKBjViQai2YhbMyipk0BDCUH4X+XB9ISdyInLRGnv3oPnScskSlrx6GPsxC2gk/ZzMRiz3P4jVmgpGLDhiIsFnHMzQ/B9zvPMBmkUoA38gfIqZ5hiPw+vkadmpZZs2aZHacyUVMlhTrMZXk9vH2nVWebf1lzsWId/Nz8YYiXU1Xbxt7C8uP2wkw7lSO2vy+StpL7fGYjBGuAG7vV9vJpg3b9mag5vAuG0hIYS4vRurgQxoJrMBReh/FOMcq/3QO/UaPgmZuD4pPH5N4O2L/bXF7VTdsv4wSV1KeYWmTlSQ5QbMLqs+3OnbI+7acsLXZhouezcxg8Xx6T7Xdpw35NG6kc//4h8GR3xZfLZYCZ9uLktNwF+qNHMLOZu82Qf/IBbP2Rj2J42dxNuyABPZlg34kt+2VJ8w5gy5dAyuUS4RV3xjsX4vEZMzCDu8UHXN8mjcI5xK1Phm7UUNYKJcz2O/Wx+HWfQlTIoGYFH93jIvhaKCKizyMxVW1TRcjUCBnepnSRg+3EslW4HCns5HBlAB/N0aF7J2qJjUmTFzZaUVOq/wwmQxra9OoF/4BWqLj0Hfxj3pEp68DYB/FYa2XINfrXIazzzpEdUwT+sCUW0SIuE4kZuSyslaaR+2LxhFBluLZ1Z/ARWfs1PdWDLxJWXWWihi8y1jrH5ONy70lKRysECLBlA+/oNSMs909F2puj4CGGmhNxlt1VoHU11qKYbZWJnwUwS3h4iTVLtcF49jS8+4XCmJKE4hv5uP1DMgvLQHGq3sqZ2F15RUY6gsKHoyjhkNzbAWOjzWXWlt1CVfUJzJ40RrFJ61GYze12oapROCZ6PID3P/kUiXK/D7ZMxUMytioKr+VXeidnMqqxhTA4uDM+l7JbTFeFtIQpl87jsXJJDM5/vEARLht88AhfW+Teiv1T7owRvazKdSFETVDW2+wOi8Vr4zvItsrCNiTikXnj4OVsmV8Th4/u6bp3YeXJR+j9MTh3LI1tMVTBI1Lx0Rt2cxGollvFOrzSkUIxmuNgKotoUJq0sLETNWWX4Bk4AfnHTqIo9QI8H/unTOkIf3Rnd7gp+qrHEyJZB62sTSiEnimTSGYWpZH+iA/n/xn9YpW7/3cT7FeKl9+WSrzQiPoYkbVdEMz9qlP5YZ3FOeXaZUVwMRfylNrJa0ZYUj/HlGlv4z4xsnEYVgMblWEsM6/jKLedPakhhqKbaOXlBeizgNJSdN64zaErycpFWVo62vbsifLrlUxFGUvNZVZdiVUeq6pPX3TtoFcuYoV6dBbCrSrZ5odfvTkTi93P4TfclrFvo8/8z9k31Q/p5umlfFxSHgXSoExXxdwfqlyUXR1WJ1l9npXChblVQ1HBdKeuRwCLvBvR77Cw54Jl3Xti3LQY4GAy64aI2qE8+bPVMxabV45DW1U881HCvv+DKG95rjQ78pH2rWUdTb4uAjHnjyKNXVq4SDFPG/HRG+jQw8+mlFbh/FgpUiTZk596GCkOprKIhqXJCpvML35eB1HDKYeRKw13y/SB4HouUlgHxtqhGZNRMw+gL4B8uhZIO4Pl2SHYJu/+N0xq2McZnT/lVDOux//bar0Pn4LiF3vtCEvy8XP43jzCMRdzLEtvGg1TeQWMhYUwMoHjabgjQx1TUcEUCqtPo1sdBr6rrM8CZGnWoV+8XCC3KoOvR/BE9JvKMdO2RGN29jm8a7sWq8bYTj3Jqalu5skAdoFNw+GWNsytEeyZ2VlgppbTdXJBtVkIMn8pazNhd9HTKLVCihrdMux5Zxw8sy0iRowS7pyH6Mf5lF8s1rI6SF4fixnNZnSsBPrzlnU0ENNR53A09ZwQPObzqb073ByMtihiZTQGi3B+LLUN2lOi5w2U1n01Nk1S2Pz4aRSG/Ob9Oogajh8eivDFoY93WS1wTT6ehEPBwRipaWmHPv5eTj1dx66v2G3x2D4YwL0+fIg7F2cT+YU0Eeu21XIBTTWp/L001af38FCx3sd6oXMqtmwpQGTEAPBv8W3N/mVkK9Mniduxep9I1KgYvb1QcjETJm8fGG7eRu6TMQ4d3N3h2aMXbmZkwN3L6oHomlGN+lx/RgrC68exkSnc2YP5E2F+uIcJv0PfJ8v1RKk4bB7i4o/Wr8biA/yY3HVEVyZIBoTUVSkWQvdADOsw4pQRh+Q41oHYLFC8rcc58wW2JcDfrbLEvNDz3Ja38GVYLH4lbMLjZmCreXET8y/a6XB9BFE157bIkZrZwUxAWo/MjJwrR8zUKb8wQMcfDZ83UqZo4siFw5ZRlHyEPhYL92M7cZQJHrOQCejBZE0cPvqP5sYheSsWbDiHmKlR6MD3F1NNDkZ1BMr0qLPRHKLhaFLCpqRAL0RN6Oi3kfztJ3UQNZxCeEU+j/hp7li+XJl64G7ulWGIf2M0vDQtLXJaZ5wW8Tux3J3FPyWH9sMewuLgm/g/sf9hdJw8DJHIw4W63oxXgq244X7VqQydZXGOKOwwGuu3RGPwTsvi4bEL49Fm/htYH9lenGQDfs7Kkp6kTJ985oXnp7HL/8XcWi8Erg3u/Qfg2vHjMDElYLhZitYduNqyxmAyMeeB1r2DkXX2ADrc/7CMqQVV1qcvZnucVey1/Bzcp81EbDBvCYW4N4qlvfBfxV4Lc9Cb20sQgT+IBcM8nLt/4g+9ojG3b90vZfm6Z7EsejeW8/UkK3cjZsmzCNUM6om5fVMFSlrMVXMkfr9Eh62v85EC/nK1GCxbqa7zYHF7lsF7pRI3g79cLnoZVprXhRDV5xyS+bD1uVWYOuGX0p7cKe8MUkeAFVcgntZDeYFmtKyJY7WORiG//UCMdjvPbhQ0gqdQh+dYm+qjrunibqUesZv24NlQKfb4sdht8ZrZqo2kE6NXymPgyWtnWcdJOxINh9Wbh99//33x8r3q8tprr+G5556Tvrqzc8XDePrVT9HWsx32rPkdfLobEHTvSBSdS8edq7kIfGqbTFl9fAJ6olM7jX4z3MF18x2IDwJ7dIJn2R0Y2rWF6FYdxLflT5nyx0yLyuDZwRNl17OgRyB6dpLbInEXdOvdHnzRw+VazChpFwLz99eoC4hrP4qj5EcrFcq1efPh+W+rKFtW5ltlnmjvWaaUvXM39O4A3Mq8DHYQtMctcdHqotkWh+C2VfcRITXDeOMabm1cg04GEzqNikRJXByMhgqYDAYY4MbyxRfItILPozHI2v8VrpTmoMfLS+HZJUg5gAbbvKlYh1dSn/ln8KdFF/DI28/jt92U9mIsuW55ikxrL5TjTokH2rYqVo5rFccot89HlWhsrt1T5F9WolX9Mepq/2aJsJPaqstt7GXT5mtTDwTD/tqhYGtvjnoN1ZwrTR3ehtqW2rQNeW2A9vrPsbUFu26Yr/kMq/aoQbQ9fvmsrh0bj54t4M3DVsJmJ7vD528Urs5L+uLj43HixAk8+uijMqTucGEzc95nKIpfg4rrGfjx5FnoS93g5e+Pe5+Lk6lck2vX7NUQFze1FzbNg7IzSSjavgldPNvDb9QjKMtMR1l6OoxlRrTpGwzP7nche18csm5lIXDqi/AZ1EDD3WWKsBnzZgyGe8owgiAIF6PFCZuf+reiXv/dECx88he4a8h4lMADZ/duQFHeJZcXNRxHwobTubNrCxvOnTOJKPzPFnjcyEX30Ah4BnYV4cVXspB+9jDK2nvBf/LMhhM1HBI2BEG0AFqcsPmpWTB9KDzd3fFQX18EdmiDTuFjERTxgox1bRwJG/6yPmc/gulqVFzLRfGJo7h54hAqbl6Hqawc+FlHdBwWiQ5DHoKnnyJ2GgwxnaSdWiQIgnA9SNgQjYazl+21FGFDEARBNDwkbAiCIAiCcBlagrDRPC5EEARBEATRvCFhQxAEQRCEy0DChiAIgiAIl4GEDUEQBEEQLoObwSB+KpIgCIIgCIIWDxMEQRAEQTQVSNgQBEEQBOEykLAhCIIgCMJlIGFDEARBEITLQMKGIAiCIAiXgYQNQRAEQRAug9Xj3nq9Hl988R9kZmbKEOf07t0bEyc+hsDAQBnSOJiMpcj6aibys2/BWGGAb1A57v7FJni06yJTNE/uu2+Y3LLm+PEEuWXNc88l4v33B0tf86ciPx/FPySg6Ph3bPsajOzP3ac92kcMR4dhEfD0D5ApCYIgiIak2f8IplbYrFu3FuHh4YiIiJAhzomPj0dSUhJmzXpWhjQOadt+BZOhK3qNfBpu7u44veM1eHUJR9ikv8kUKiexcupO4LU/4qV+MkigDddj+6IP8E3EDHwwroYCLedrzHg1FVF/i8WkeuhzT55MlFsWZs2a5VDYcFGj4lzcKOV8X/oAX/y1unk98y/0WQp8svm3wMY/4XE8ih+fGSQj6587p5Jwbds2eHf1gzdrf26+PizwDspzruD63r24ZTQicMp0dBzqvF2edJJPZ+FNjis78NL0LDzzzfMYKIM4p1aNwzzWXDnRi3fjeU116794EU+vSVY8Yc9j0zsxaNzbjJ8AYafVUEqtw/Mb3kF0V+FhJGF11DzESR9HN/sjrJzo8lZpEFpk+6otol3ux2ir9th8can32PCRmuqIGg5PV52Rnfrk6r5B6NbvcfQeOYUZ3gNu7K//uIW4rb8gU2jhsfy/LfbhtapCtpPYr1Y7V49169bJLWtUMVOVqEmZNhNpW95Q3IoQ7H51FbbnyCTVgBfNzfyvYeCiJn/TR/AdOgi+4yfAvaQAbklH4XY6Hm1uF6Lr45PQuUN7ZK5biYKEI3Ive5zls6HzXy9YddYaElczURODZXv2YM+SGMQtWI1TMorHPb0mWInbsxmxYP5VSTLSVWHChdkJczazMrNybxqD/cxvtsmVbKRD2ku6dx+jrrhWuHT74gJ4HFbb30vWCC78ol7cAT33qNeYJn6paSk0mzU2XNR0GbIarXzccPnExyjPPy8cp1XrtuLT1Vi/Xm44oNJpqJwcpMAXUQMDYDSaFOc/HnPGFmD3KXEaVptB05komt4wox18+un6p9vQ6YEh8B6gg2H/5yhOOYWSvBwYS27BmJOFiqN70XHEA/Br3xGZG9fgTs5VubdrIC6OrHMOjo6RIRZOHdsBRD+Igbz+Bk9GbNgOHJEXY312GruL7oUAUb8BGDZaB6RnKxdZVyXxCOKYcJk+UbbrILYdbbEJ9BeRbLaJdPRe9Vrh2u3L2U1vzVD2V46FrjF4d8+7iHGB0RpXoFkIG7OoaVMAQ8lB+N/lgbTEnchJS8Tpr95D+KytMmVtScLKqX9CH+4WfY08GSrg0zJqHHMzdtuc2kma+I0nZWDN4dNOquNUJmqqJDAQOhTgmyRNXk0mhDOR8mGU5Q6WT9NYyuZ4NCfxH28h+B9KzyHSb/yXxVZO9qkuxQnH0ca7Fdr1Z6Lm8C4YSktgLC1G6+JCGAuuwVB4HcY7xSj/dg/8Ro2Cx9UryDuyW+5dS5zVJ59a5OXZbYm31DWfsrSue8UWsr7FvpZjrjyjBFcHtx7TsZndFceOkAFm9MhifYuuZyBE38zqj3+mZSt5COoRDKRclB2NHsf3J0M3+j4ECb9rw0xh3tDaRHTGwT1puqQecOX2Fffi78FuGbBjgWXURtxgRI1TnDoKI+HTwXZxiasxjU/TpazCNB52+Qu88MgL2HGZxfER2KgXsXqV5phWo116lgf1mDKdzXcSdaPJCxutqCnVfwaTIQ1tevWCf0ArVFz6DkOf/1ymrD0HN6ei5wo+ZTMTi5GAEWaBchIrl+ZhsYhjbn4IDm0+yEJVCvD61VA51TMMkft21qhT08LX0qiuMlHDFxlrnUNMg/Ayy+vBzR9YdbYm7R0s6+AfvzgM8XKqattYVpav7YWZdipHfOzLk7aS+6y1EYI14FbCd/DuFwpjShKKb+Tj9g/JMJ7NQHGq3sqZjEBFRjqCwocj59AuubcD9saZy6u63+yVcYJK6pOVzY3XZ7yvYhNWn27Mftr6VKygYLELEz1rE3DvfHlMtl/K0n9p2kjlBA4JV+6K1XqxIbi7uigqED1ZX6NiGhKLPZt6YaO4OE5D1tN78O7EAEUEuSpBvZhg34GNX8gugHUgG+OAZClscrJZRxP3e4xTOxPqLGqNK7evmPeWgY+PxizZg7lD2IbVtNseLAvWTLvx6eD0WHHzocYt5e2P2WfzHB0Qxj7fm4ggeY0UFwmxnYw4t+nKlOimWOh2ztOIqCVYDfWY0+G2k09Cy5Efol5o0sLGTtSUXYJn4ATkHzuJotQLCJ77rUxZR8Y+iEn+ypDrpEkhrPM+LzumwXhly1wZZ0LOZaULtzRAXyyeMEgZ8vbnoyTauNqhXRjM4X7VqfywzuIcw/LT7wmloxUCBHh/Ke/oNSMs/Vn8ovHowvNuvIpUsVyqGrk328qEbl19RVBty1x64xpaeXmxMz2LeUrReeM2h64kKxdlaelo27MnSnIrmYoaG20us7bsFqqqT2D2JGkTMXXH7HaiehJlzfZdyJH7fbjlCfZN1cMkRx1qiv4/L+CRpy9iurzgPnj0ETzynouvseHD/UtikLxmmiJc3nbDmGgewWtQGeFC9DKlM2kx644aBlduX/xGSdlg5ys7+fiUr27OZGXKl7mBk7gQOWJZu5WyCtt+kHFz5botft7KE5ffMNqfwzrETgoX+xiDeoLfkyjXGT0SDiijX8o0Xzgmc4FE1CtNVtgcXhVWR1ETBD6amnyl6nu2yK5Blkbq54tI9qk0wqv49M23EPKUcve/MF4EWsE7JmVD+agLtqKmTvCTVpw4yhSU0slrRlj0u/C7KaxsYmRjG2oywaMWua5lNpVXwFhYCGPRTXga7shQx1RUsKsR+z6jW4UMcYxaZtVZZ7Gq+vRFDz+5DyukItyqkm2BmLxIjvRxWz71FoLf3IVcGVtX1GkWc8ctkBdHu4vxRsRdkUlcEd6mB8dK4cLce/fBJKfreD3EvMfC5srOhN2kRD/N7su1HRRRTVpS+1LOq+S/TzWP9I17ehWSkYYsXlY+csXENJ+2EnGPPIL3Tih7VoXjvoF9X4oyEqsEWwQSUX80SWGz92+hGPKb9+s4UuNIRTNy9KzRsg7MX/o52paVW4CDchNnDuL1tBBsk3f/H07ykxENQ329lyZv9yqr9T5iCoo57QjLya8TcMg8wjEXc3qLqEbFvaMPSi5mwuTtA8PN28h9Msahg7s7PHv0ws2MDHj6dJZ714Iq67MA2RpFculKgdyqHBMf6VukHDNtSzRmpyVgoe1arBpjPfWkEtxDs4KEtVu15ZqbcFU6rLnDCqoIF+6umjsJESXDVYRNwnrRmpva0iLal3Ke6dQn7czuXcR0Y9G8vWnENJ9+sno6scYEoVeY9oaFaAialLApyr8kRE3o6LeR/O0ndZx+CkTkcF8c3LzNaoEr79APBofgYc37XA6a183osf2zVGBsKCzPAeUh9apyEf10O4trYGzFDferTmXoLItzhH94iFjvY73Q+ST++VEBs8kg8O5cXJ8y9cr0ydVd+LvVWpTGof39D+Da8eMwdQ1mwqYUrTu0ljEWDOzCYjB5oHXvYGSdPYCAUeNlTG2pvD7XqFNPOV9jDbPJ7KG8JQQimAm/g/FJcj3RSRw024s/Wv8nrDitdKpGozJSqOta9+40fASfdtmuXEQTt2N1Sgwe5GsCWH7uG62zxDFOfcbuMsPG4D6XfiqDP6b7onnU4NSqedgRFovJwia2j/Ay/4IdYsifhE1NaVntS5xnf9+Gk1IYX/n8BTzyyCokMTEnFhW/8AWuyLiA7uzkrpNYVp4wSz5wnPU2nCRsV98VRNQbTUrYbP7zSET89iMEdb8L186cQOK+U9BfD8PZf+/FxZMpNV5T4zduLuKnAa+/qkw9cPd45jDELxoPP8uNHSKn+eKQiP8Ar4PFTx+k3Kn0H4XFwQVy/23ApGGIZF1bWh2eBHKGdkHwzJky0AHaRcbcOcIUwNd5RONezeLhPvylhPPfwIfjlCHQQRNYWdLk9MlaYA6zARc6tV0IXBt8IkaitFtXXDt4AK1//gsYS93h5uEh4gxMehkMLKfGVvD5+aO4uO9LlLdvj8DIR0V8raiyPn0xG0cUe73KbDttJl7upzQUK3tNPY8e3F6CwXhFLBjm4dytx4Le0Xi5v4yuAyZ2p7gsegfm8SFy1knHLInFQNluAye+a4ljbl4aX8QYg0AZ75oMwtwlwVg9XZaZv+OHlTlAlJnF7VkGNzllEMVf1Be9zPUXVDcQrt2+wvFgtPJU1Etf6MV5tnlOmrmsT68BYjfFslRA0GPMDnwxsYwbtyANsfOVFxUG3jcGOv5UVFTNRnACJy5Q1n+JYx5BL1pjU+80qTcPr3mxN2bO+wxF8WtQcT0DP548C32pG7z8/TF+8WmZqma4ubkpi9Q1aBd7ubmzeO7RpLGLl9t8OJYfS1nw6Qb+ckaxLRIzP5eJzGOxaPVx9OZh/nRU7aenZH60aPPGCqJ9uSQvgygbL7uM49t8gyfjdyuqLdThftW2WnvVlJsJx5Cxdjk6t/aG36hHUJaZjrL0dBjLjGjTNxieTORm74tD9u1s9HvpzwgYPk7uaY1t3lTs8iz9HHOZ2YYp52vMfCUVUSvmYrI6mlcNe4nj2sRxbPNRJfIYtrbU5tcqPwyrOEZd6qHZYFsPVmVmcTZtvsb1QJhx5fZlLps8p2z7Cct13YEd1DhNW+R+vn91+wbtMa9+/gKmZU/H7ucHNhn7utRPKvzUvxX11CNdsPDJX+CuIeNRAg+c3bsBRXmXai1qmhOOhA1n0KD6WXfTlLmRcASZ/1gF5F9F99AIeAYq493FV7KQfvYwDB07IHTWfKeipl7IVYTNuOWxmKRdf0UQBFGP8PfibOyp/tRHEv4eNQ9pczZjZUx1fu+mcXApYfNTM2WMHzyZtH2ory8CO7RBt4gYDIj5s4x1bWryW1GuyJ2cK8g7/A2ufrsLpdfzYCorh0eXTgh6eAICH5oAr6CeMmUDQcKGIIhGwE0fhxfFk1cS/oqC2IFWo7E/NSRsiHrB2cv2Woqw+cmRw8raIWiCIIh6RzOFpdLUpkxJ2BAEQRAE4TK41K97EwRBEARBNGdI2BAEQRAE4TKQsCEIgiAIwmUgYUMQBEEQhMvgZuKPgRAEQRAEQbgANGJDEARBEITLQMKGIAiCIAiXgYQNQRAEQRAuAwkbgiAIgiBcBhI2BEEQBEG4DCRsCIIgCIJwGUjYEARBEAThMpCwIQiCIAjCRQD+P7eZP3f3i3TRAAAAAElFTkSuQmCC\" width=\"566\" height=\"200\"></figure>', 0, '');
INSERT INTO `comment` (`id_comment`, `pelaporan_id`, `user_id`, `body`, `comment_id`, `file`) VALUES
(74, 101, 57, '<figure class=\"image\"><img style=\"aspect-ratio:507/121;\" src=\"data:image/png;base64,iVBORw0KGgoAAAANSUhEUgAAAfsAAAB5CAYAAAA+hIi1AAAAAXNSR0IArs4c6QAAAARnQU1BAACxjwv8YQUAAAAJcEhZcwAADsMAAA7DAcdvqGQAAE+WSURBVHhe7Z0HfJRF+sd/JNkkm920Tdv03kMglFASupwgRT3kIiqc4AmiYkWR47Acf8RylhORdoKKynEcKqCChxQlUiKQQkhPSN9N27TdlN0k/Od939lkNySQIAmSzPfzmWTfmdl5Z+Z9d555npn3fYaERIy6AgaDwWAwGAMWE/qfwWAwGAzGAIUJewaDwWAwBjhDxsSM7lMzfm0tWyVgMBgMBuNWwjR7BoPBYDAGOEzYMxiMvmOIOyZ4rMX/BcfRCILsebwa+BDGmtJjBoPR5ww+YW/2ENZM/hxv+sfSiMFMLJ4Y/zk2DX0IbjSGcQ08VsN78Qdw9JDTCMY1MZuDF2LfxeJQD7RoSmgkQVsNM/c5WDptI5ZaS2gkg8HoS24PYS99CZtmvwED3cCIuJF7sGO2PuzAs1Ka0BWmEtiIRbCzcoaYRt10zOKwZpJhnbqve5/B99l1+gLOsJKIILa2hwON6X/ksJq1C6NeO4Jx64QwbN58mvb7wnpSLNz8QuE5biqN6S3RsFv0NcbQdnIheCJNul3xfwvDuLYse45G6AnE4pEPIRSJ2PnjMrxaHE/jCeod+NuJv2FPsTnGjluLODMaz2Aw+owBodkfTl6Ht4+QcCYVjTSuW5q3YtWhOCy7+NX1894gI32mwl+UjYNcnfiwBYdp2u+Lr0jd4rDk1EZcpDH9jusK+I2VQ9SigiqvEJUkqMqqaOLvi/ovZuH02ulI3Psljekl0YsRFCiFiUbJt5MLtb/Ppv52bO/HKKcanP/1DZzsco9uNn5I/xbprb4Y6xVF4xgMRl/R97vxW1dh02Q7nDvbglGjAiE2BRoVx7Djwlacp2fmNPOJdRvxRDad/XNa6eQg5JxYgvfU+uNOZRT9gB0pO9rL4On8PUP4tKh2bb4x0+B8FLF4CVZF3wkva3LQqkNt6TF83vkcPWBs4A4sdc/CthNv4AyNE4jFs5NXwDYjDq8qaZT8DewYBfzw7UvYoz8OqcGxYl9MDbYD2jQozfkaO7MPIpf/wnXqyZfny+frTOE5/Xkfwquz58CLjyUoDmLJ+c/pAcX0TjwxKg4jHSXkLiH9VZGIA+ffwA8tNL0H9ewRnGb4MBnsk7Yhed9eGilgNe9rDBsuherIdGT+zMXMh8eqpfAk2mLymy+igX7XqiQRl03C4e1qDhOdCqXfvoOCCwl8GYI2vRrBnJBt06L8aALMpsdCVnwIp7e+y+cwHbsZ4dMDIDHnD9HWpETJoY0opmXIlhEN3IP/yNPQRV17xMSPMW66l0F7DJHDcvJ6oul7wUpEDnVq1CTvReb+L9HGp3e0PTvVFT7RZIJEpuoN2QeQ+tle2D+2C4FXhDbZPnwEYf5KZL+2EJVhH2DUfBcUfxQHpYJ8J+avCJ4cCmtLUiTpD01+PLJ2bUATf12vdY6NaOWyGPYnqaPyaBLMZxj3J8fIgK14wjULm06+g/M0rivuDPsccVbH8MS5HX02+WYwGP2m2XsgUl6Efx8jWu7JeKgdp+JP3hE0rad4YJS7QRnyO/Enr16UodmFd6mmfbKMxhky5I94bsKdcKr9ATu5fKdOQuNyJ5aE3EkzXB/9csLSYCIgpVFYeqNmfLMghJj/gE0/rsPOtGo4BcfhfhlNu149K7bwbRSsHBqknxHazIUdFUIW4FvsoHFf52lonCHuiBu+ECPNL+PrEyTf8T3IMY1AXNQS47X9a9XzeoS/gsDFHyNweiAsyKGF31zhmATP2F6ayd2j4AIlVAo12kQyuM1aDG4exDO2Q5suTS+EeAIRTDSJx2Y1gmYRQa8rRMGJY8g+kYg6Ezk8710BRxshS3OxoIVXVmqFiF4iiv1AaFuUsNZvFSW0kwvycD4KJjHrETmNCPpWwcJR0yyF3ajFCJ7eSes1C4cnue1r8wuhIdWxCpxLhLISzbXkwE4OK0yFmMy9yA0IcQD5J7OHiEyAGhXks/sKhM4ggh7COVTVgMRvKiIfWMp9oYMuzyEkmUwnZeitE0UqSGKjYSskGSEaQmYsDWXXFPQctTpyAqkzhtFjBoPRN/STsK9GetZWnGxORXrtRsSX6uDkMJym9ZRqJKd3KsOxF2VcKUEu910SGgRVyRjbcHiZF+N08g56jq34IjkRFVecEEqzXA/9cgIvQDWp+JoK1F6b8U1LcTbtK5wn9ThZ8B0yNCK4OdANhderZ2s+38b0Jh2fvaVJaDMXCgXVjFCDQhpXIWTrxBSEykUozXsXB0k70jVf4b20TOhcgjCB5uC5Vj2vh4MXHP1IcJeC25RtaiMXjkmQufRyB0F5PC5+9AiyP1qO7GJybC6Hrb+QZBsSQMrXovT7hSj493KkHkyHUZOd7MEp9LrSs0RL3YDKoy8i/b3XcO6jrVA1CFk035Gyd5KQqDfH9A6Ri6fQNkfBdGDpSNtOgi1tqk2oF6mnGkX/jkMmOVf65nhylYj89p8hZNBjqULJ5oV8fVJ+KuSjpJ7zoVGpyAcH0hYycbFRoqZcCitnIqidpEBjPZr5nDkoJROa1E+Ec2S+f5SIfdL3rgFkkmBAN+fgsPPjJixqFH8jpKfuv2TcnwwG43dJPwl7DWqF0YanoulGNKSbUcY1sJRARIYtnYHJPr3sDbya8TnS6fH1qG0xEKBXdKigAjW9OR+1Qpae0axGuxJOBBUMlxFuQj17xBAyUWg10PpbdNBb8Nu5Vj2vx8+P8Ovfpz9JBCdTOdM4f0xCr03k2npq6laiqdJ4/caUMxuQurU3RdNkLJxyf0VVHRHIgfP5jXNj1n6HYY8shpOrFm1XNfjGaNh3r9C2I4Lg5Mz4+rbqzfkm/GNoKjTo10DqaJts7Y0FMWlLC6kvT/YlFHMaelkV2qrVaCXavGW4N8REGNcq1bB0mg9LGRH21aRfuPzcXgivaIQu1W8QnGls5Win63MYQm5vAfK/q7kzg8H4fdFPwp7B+L2yF8UbNyIzKQeVeUo0EsnFad7e9z4PuSvN8ntF8S6KiHZdFH8MKCITBSLsLYbKYV2nQkWFGlaOo2FlR+Y3VTl8dtGsBxHoR4R/HV2WyFMJk4BrYXgOBoNx29JPwl4CW17DEnCypDuhDDAT2dNPBKJVcpq8xkgFu34Zv4kmDVFSRBDx5xYIdXkJr4Zwjw/dXMQid/qJfDYVEe2ohddue0R/1ZNo6WamBs9Am4nQ309INakFLd1ETNetzTwh4R4lJAL5pmmT7ovhGBOOtpRtyN65ECnrZ+HsUc5cL4NtoJClP2jjl1hksKLLD7CxFn6ctdU9uzcUVWiGOWw9ia6uroJOVQ2dXSA4xb656gCfxVrO6fFK5G2iyxK7knp+33WCW5LnIf+7GkR0nOpv7YGx9Lg7+N+xuhzJ9JjBYPQN/STs7TEsdBkmWEQg1O55xLqJUFGZRNOAlMpyiHxn4wXHaIRaTMXikAiIa/Nx2sBsf70yeNTFqLgigZwvh+Qjwd9MEFhis8D2OCuu1SJnehwIN05w1l5CodYD40YsEc5huwwPDouC05CKm2gej0dOlQ5Ooc9hsS05h+SPeNLPAzrlRfxIc1yXntazqRpqMvg72Ov7graTw9SHxkXAiRu0TSTtx168Ofk40kt0cPN7DnMkQj2fDQuGqCwLJ7nkfqIttRD15L/d+JcRuvhjBD89jTc716cdv75GSqkv5lalpXAYuwKWrnPheEe4sVm8zQvOk6cidN6TcJu2Go7T1iNwrLAuLbwH5gHI6WY6/Qa79s2E9z/HybqbQl16IW+G97x/D4JJ2aHLY8Hts6vJ7elujxw01pEpsY1U0OTzq6CRSskUWd8OIvS5TXyQw+8JoT2hz0fDuqcdSanJ4yZCUnjcs4svI+Lu8C774HxFMRqlQRjHTc66Y0gcIvnfcQLbic9g9DH9JOyLca7EE/dPXYsXYqMhVf6A/xSm0jQgveAD7MlSw2f083hh+jKMtczHwYQtnZ79JmUofbstQ+BrHEy5DGkoVw7JR8JzvoJWOMx3dXvcBBci/P3i6PFqxHHzgStf4d2TP6BCeicWc/HjJ0BS9gN2ZPzAf/9mcTD1Axwrk2JCLDnH5Dj4aBOwJ3VPzwe7ntaz5XN8m1oNp0h9X9B2cjg9RuPW4l4/Eukytf14iROXoQR7knfgjNYX904m8VPiENCaij2JO1DKF9BPlKxB+teJqGmUwo7buGdDhE3SXqR/d4hmuD66H/6LIiIErULmIurxFfBrVfIb39pRbEX24RxoRF7wJkI/cHI0ZCI1yo/uRDG/fi6HLd1Mp99g176Z0Ft+04R92y9rkHK0EBoTGWSkbDsLNWrO7UTmkUSa43ocQANdZ28sJ5p8nQJa3jLWsQ9A899PcFmhxRA7UncfMnFJTUBZL/cltB3ZiPRsNdokpA88ZdD8lND1fpTaf+NnhTmGRq3FnV2ZhIZE4KERc+B/JRvxBZ1/xwwG42bTb8/Z/6x/jpzB6G/MomAZMQUW2nii6c9E8AtEa+70XPhvQTLrY7g50wMjClG68zV09XDjoGDIVCwdswRj7bUoTduDvxXQCant83gvmntkrxgn41/GzsZB20MMRr/RT5o9g3HrMPGNhdTBAiKv++D/aLRgHs87LiTeBCw8qObfRTDYZjL4uHIM2848ifdOn+2k/RPhn7UDb//4PBP0DEY/wTR7xoBH/yY+njYtalL2I2vfNvpGOAaDwRj49L2wr+3T4hkMBoPBYFwHZsZnMBgMBmOAw4Q9g8FgMBgDHCbsGQwGg8EY4PSvsDebg2fH7MCOWXuwKbCHDlMYDAaDwWD8JvpV2M8JjcNQseA29d3LPX1ZCIPBYDAYjN9Cvwp7K3MRUH+Zd5ua28Ker2UwGAwGoz/oV2FfUMcEPIPBYDAY/U3/b9DrgScsBoPBYDAYN49+FPZ2gjtLTTkKaQyDwWAwGIy+p8/foBfq/DGWBgvu1nQV8dhzfiOO9dLTFoPBYDAYjBunz4W9VhMAH1POHYgzJgxfgpENX+GZi18x/9UMBoPBYPQTfW7Gb2zJRnpzKgnHkKLSQuQQhGE0jcFgMBgMRt/T/xv01OVIph8ZDAaDwWD0Pf0q7L1tJMAVLTPhMxgMBoPRj/SrsG/Q6gCRPUKH0AgGg8FgMBh9Tr8K+4PZx1BqHYsX2LvxGQwGg8HoN/p8N35tbefiJXAz94W47TJ7ZS6DwWAwGP1A/2/QgwalWvZufAaDwWAw+otbIOwZDAaDwWD0J0zYMxgMBoMxwOnzNXuxzAUqVRU9ujVoa3X0E4PBYDAYg49BqNlbYOXjXniQHjEYDAaDMdAZhMJeBLmXDK70iMFgDAI8psN+2dOw9afHBLM7l8N5dgxMRDSCwRjADDJhb4KZU2WQiSzhPUOKKDGNvulI8frfJ+PASidE0RgGg3ErEMPsrlUIeWomHMV10FXSaEJbXQsk0fMQ9tenYeVIIxmMAcogWrMXYeVLEzDTzVSY4rSRP82X8cXLWdhh8P7elS/diZlIwrQ3ymhMB1zaxOpfMHermsZ0hy02vjMWYZp0/OPlQhyisQONOS4heNjfBRJz0petGhRmpeDlsiYoafotwTEChyOAH06k4j0a1T1O2DY5Al70CA152J5QgH308Jbi/xaGPRwFq+JDOL31XRppjGzZEQR7qFH0yb0ozqWRPcFhBXyXzIXchh6jEJlrH4GKHt2OdNsXUcsRtMAXmkObUHK8gEYaIBoK2ycWwlOSjqz1O6Gl0QzGQGPwaPYzgjDTow4n3z2NRHUFDq06gzT4YmYc5373ZlOLFc//gGl9JujFGPHgaqx5dj6CbpEJUm4fgkdD7VGVex5vnvoFn+Y2QR46GmvtaYbbgipsJ3Xn6r+vqInG3Si3/pr0FNs5gqBvKi9EZZ4QmmnawMIFtpMCYZ57vGtBz6G7iNrPz6PONhQOMX1m6mMwbjmDR7P/43AcjdZgy0sKjHkjAMqXkqBYFImJbflY9nkb/vFGDKKk9AuGqLPJd/Kwl3zkNfu6FGS5RSDKjsyTGiuQ+MNFrPxRv9vfBTs+HA5veoTiqy0ErmO98Pa8YLiK6TyrsQwnP0/Cq711BSgKwfyVjyCs7Gus33EKLTSax8wBm4aFwd/aTDjW1iH9UjKeraW5rLyxL9oaSSlaDI9wh8SkDdqKLGxPU+AguRvkshB8EinBr6fOY61e1RlCtOCJIWRsPIkniAr4Z/8YLBDn4OHUMqrJm2Bt5CQMr0/AvMs9eGESXwcyWSiTwMtJi6SLhZCFhhEtuww/JKThPVpVf6kX1kb4Qm5J+qtNC2XBRWwqqMOvQrLQ1qgI+EtIenMFjhcDU/yNNfvRsiC8FOJ6TQvEPO9oPOpS9ts0+2tdE+cV8F4wA3JHc36G3VpTiLw9a1BZrK9FNOwWrUZwoBQmOjWUR5NgPiMWMkPNPmQ9wuZFw9aSyChFAvJVYQgMR681e0EL7kabd1gKj7i74e6qr2cOsna9hppyWs+JH2PcdC+ofjkA7VBh0tDWpETBvhegzJgAz1VLIcvZhuR9VZA/sxq+FolIfvNFNN25C2PGqJH29+WotXwA8j/Ph7cHaSspsk2jRMn/NqL4QoJwDmrVQMoxlDnFwpurC9cn/9uAy2donh71xRy4vzUF+PY5lPxMo7qETAqeXwXn0j3I3n2WxukJwL0vLsMIu3pc2PF3fJ1DoxmM2wzutzY4qGiAVuqKO2ab0gjgi89SiKCvI5/U+GL7Cbz+4Qmc5GRz2SX+Mx+25yOezy0g8nWFRXw8STuNk3V2iJoVgMdoGjkJttDv7c3oyrefBVbcRTSIunQyKeDy/YyjVTJMmOeFaTRHj9Fl4OtvEtEUMAdLJslopMCjfkTQDynFwbOC1rpbYYLQoQF4lKYL2GK4Yz3+e4bkOZcDFdHUH3Az51OUqjLkttjAU9Zxe8gdXIggrkZOtXD8ae4vmNEu6DnMYM5ptK2twmGPMIem5FfsLh6C4UFSJJ87j/QWF8S6kRGcw9QJq4b7w7oiBZtIOzZdVMDCcySecNHXywSrQiLhf6VYaGtSCeTODjSNYuGO54Y6tFsgNqVWwSGkjywQ3V6TmXBbOBdujiDtJZp0iQptdl4IXPwKrGkOk+krEMoJeiL4KotUkMQSQUbTBB6A9z2ccNPyZdQiDD6kz3rOVNjd/zE558dw49suhxv5zB1z9ZDweebDY8l8eBLh2qTQ1zMAoUv+StM7sB4eC0k9yVOuhomlHL4zVkCEHDQ3kHmcoyfJEQAJt0xAfnNWZM5paUPqWqdCAzmv3YLF8CWCnj9HnhJNYjk8730e8k67ZkVB0UQMK6Ei9WgVSSH/w2LaJ73pi0ZyHvqxW8rQ2kwUEwdnemyIJSx5S40YUuMLwmDcVgweYX8yB/vJjD9gxliiwdsg7CFbzLSjaYTE3GYczWiGmlPSdTr+Mx9y22A4VpiXFWDF4UaSVodXjxRBI5IhIJomog0J9HtVuq6EngjmRJ5W5ZTiCz5fI15/4ximbShEGs3RG1rSv8S2n6vgOXURJhnIOKnIDNrqCmxq1OK4VotPL/+KGfEZOGjkbbAJafkK7Cbpx9Ul+KW8BfZ2+tGsGknkWO7sguE0Zp4jkRCVZdjdjR1otGMQhknrkEY05p7TgMI6Ur86IiHUddikrUMhZxQYQidk9k7wMqtAQl41DpJ6HqzOw2GFlmjH+sbawotcQ2VRrtDWxmq8WWxsRZrj4gb76nx8VKbm++JgdS4SqsyIRtpZfN0cursm9UnHkL3vQ6RueQTZW+KQV0wizeXtu8Pt/OTkrxrF3yxE9s5HkLr/EozeDuE/HHZclUvikcKV8dFy5JcLST3DAVJvLzj6ecGab7o5rMln7pgL/GKW32jIOAFdfAjJHwn1zEzTAhJPyEK4DAYUHBbasvFLFHFbWBzkZOKSiMZKkt9GDktXb4hblahRS2HpLYeVAxHG6irSJldos0hfHN6Gi9w5dpL2pnAFyGAbyJfcjqguSciz5WnkcP0lIufg+us390VvSMXudzbgo7f+jl3naRSDcRsyeIQ9EcRb3vsZKz+/hIJmC3hHj8XKV4ZjpQ9N7iGaeoPVzbbeaLEcapzNrYNrzDQceicGe9dEYuPDDribjLT6CcWk5W9j3es9D89NdCGDoDvuuH8G0UEEjpeVAZ5RODAuBvsiw7DJ2wV/JpMMpZGgbobKYDeSqtl41XZ7RQUvbO/k5a49whzNUFhW0eXmO7nEGy+F20N5KRlrb+rir3B7ag3qrW4xFIFmIPMaaA0ug7LTJTEfQmY4RFK9MXkKDtMwpZc7r3/7NUmErjUAbnOew7h1R/gQ7MEnXMUVffPI/zb60Ygr+g5Woq1XC3B7UfzmdJxeOx2ZnODkN+UJx6f15nzSVdx8sKGyiDviaSUTJO7pEqtOSq9Oq9+kuhfVqR3r/k11JF5sDQtPGaw0ROuulULiPgGWZB6pqeJs4IlobrSH04SlGEP7YtjwbrRybT3tAyXqL6WTcxRBTeaF7dxwX/SSJhUUNV1Z6hiM24dBJOwFEs/UQKXjNuj9gsRmF0yb27+2ub3bT2Ple/HYezIPlyp1sA8Zgaee88JMmn529/v4aGPPw66z3LpDPVKO/Uh0dYGkyjQ8G38auzNykFDdDJFDABaMCsGjRpr9daguQ26rA/w5k6+NDJ6mFUjvYusFJ+g3jfJCfeaveLnSaJX690NlBm/CNwzvFvfcEdNvvibuKxA0zQsSIlJVdENc/QDyA6X5jtPQXwPXJF2FYHLnLRU1BaipUsPSaTQkRJ43lh8g87MV8JkdRTRzNWppX9RwK2nXQRf/FDnHU6i5rkmewWB0xaAR9g8uisSORZyNktJItOzCRphb6fXh/sAE0SEWEFU1Ysc3Cry6NR0PfZMPjUyGcJqjqaYECkXPQoXdJNw7xgFFP3yIvekdgna4yBzyK1rsJgL7zaJcLE3MgdLcBv5Gm40tIBOW6HlkFp2fShBM+V4uTnjUSQ7zLkz4hoL+JWVfPHIn6HXmBpMUqZnhVvcW6EizzTu2YUBu8JlDe4VU2socMm65gobqXmqBv/ma+Mv5Ne+aU2uQuZMTjGugrBGSOjNE3zzyv8sf5xD9dZLDpDeTt55A+oXrGmHNXcCUW3eCGg09NZNX1pMJjhS2nlI01Sp5Td/KL5DcbWo0cjeItyekpG1Nl/Yije+LR1CQf71HWbuhR30hhqXH9XbZB8LMigwJVX22FsBg3HIGjbBXiSTwHuqJp/RmezsbTPQSQ6s2Ns+pGpr5tCVEKE/jglcvushOJHyHBAcRkTqijuNofn+AFAsfmYzXHnPF3Xy8GE9FO0Oi05GhsJc4TMOSuCgg8VPs+MlwT7UJ7gyOwdooP/yZDNRTSFjg5kKGw1ZeMHZghTB/Vyzg8th4Y6qzGaqra2magGDKd8dUe3MoK6uMhDkn6N8bSTqzKA27VW0IpeeaYnYTbykyWSnUOiHazx5zSNlz7P0ww1Woi0AtConQlHv64wkxObfYHqs8jDfoHSwrRbXYC3PcpHz95tj7Y+34MXigk0Fnn4YzP9sijCuHb4sZhvdWmHZ3Tao0vIZvN349grkNcY9vhqeDwRoKoSaP610pPO7ZxW+ai7g7nJP3HeQmoYZTnd1jEfmYUIZPV/vJfgt5v0LFadkeMzHscXKOx/YgOIwIe00RVBlClutC2tFI2sFtzuM0+TZFNXQ25BgqNHC75Cuq+WfZLcPnI4zrC3KOAH+DWWdP6HFfJEBdSm7h8DuuPdB5xELm2AJ1fued+AzGwGHQCPtDX17EWbUT7l7JPWLngpn/Nw5hLdnY8bGxDXHHgUvIgQ8efHIy/sqFB5xoSg+YGi58h4T5RJDDpeP4salchjq8vi8dVQ4ReIqPn4i7PRuR+F0WtvAF9BQxImMDoLv0NbbtzTB+xItow29mpCD3ijsWjI/BKhL+7GeJwvRL2GQkX4jmXmaN+8aSPCN8iOaehi8VxgIINRXIhT3sJVVIrzReQY5xdIG9iQkkXpF4lp6HD8GddsP/Flqr8HJyFuqdIvEEKfuJoa5oLjqPTWX6utC2DvHAnDHk3MM9oe78mGdzCd69WAoL75F8/Z6IcEBVdiLe7fzMWVUefqm0RgxXDt+WEbi/V49dX+OaXHodmWeU0JnJIPPzgi3SUJRl3NdtRzYiPVuNNokcjp4yaH5KIFMZQ75EwTcJqGkyh8RdKCM//QY14m7Zi+Ide1GkUMPS1QuO7jKY1OQgfcfrvIm+ZxRxRjMC0eQ5k3sFp+lzh1XC/7oNyPouBw06ov2TvpBZq1CY1FubUE/7ogy1/0tHk9cEeNw1lMZ1wjIGTn8eCqvKFFScpnGd8Jv3Mta9/gwmGc2+GIzbi0Hn9S7AywFPP+6Nqu1J2Nppp/2ggT5nH9+jt8zdGM+GT8GdXc6TKnr4djtGr3B9Dp4zwts3aRrSlP0FiuKP0aPBh0nM0/C/2xumldko/nwzr+3z8ZNI/ExvWNRmI2f7ZjQZvErXkJilb2OG9Sl89M7Xg3O8YAwIBo1mryensBnNRCNUD1ZB308cyDTeENcRMnCA5mHcRKzkvNVA/yidYZC53ERry21I2y//RPa6PSgu1G9h1VMH1aHPkbqhe0HPvS/AjXRfkzKfjReM2xrmz36Awb1ITkOt3FMtTXC/1ATFLcA7dS0d8fY+WDnMGhVJ6XjcML67/IM4/u815A9j8CKahsdfuwON+1djJ1vSZ9zGmHp4ub9KP/cJIrEUjY239hnV1mY6ig8CNjmY4VhTGyZYmGCq2AQbaltgOgR4ysa0I15Uj9XZStR1ju8u/yCOz9L16VyY8Xun7TJ+PXoUSSX0mMG4TWGa/QBjjpUJHzj+Vt2CcvqSGRbPf+x1PIPBYAwEmLBnMBgMBmOAI6gygwoLrHzcCw/SIwaDwWAwBjqDUNiLIPeSoZODLQaDcbsicoH5ncvhtUD/0mkG4xYzajFc758D8/58Qet1GGTC3gQzp8ogE1nCe4YUUb16aUpvkOL1v0/GgZVOiKIxgxcJ1kXFYF+QQ7sHPQbjpuE4GU4rVyEoRg5dDeeTgMH4HVBbB7PAKQhZ8zfYhfWZoOkVg0jYi7DypclYeU8wvC2sEXZXDP7x9yAs6XQdVr50J46+5EKPjOHSDizrzm+2IaawllhAYiMG57h0cGMKqdgcEokluu7VgcJ8eKw6gnGr3oIVjbkhQtYjdI3gDY4PfHm0bH0c5ylu3nz6hZuI/1sYxpW/7Dka0QNu5DscEz/m2xE8kR7fEN6w/fNcuJikI2vdK1AcukDjDRjji8Wbx2PKGHp8GxP+1+l45q83+x3JxjgtH49n3vZFV+/DksWFYeEH0/DMZlKPD8binrjfhxDrK/i+2Dys3W/J1ThjHumLeffRQ0Oy96Fo3T+RlS2Cx4LHIe1ff2tdMniE/YwgzPSow8l3TyNRzXm9O4M0+GJmXGcHMDeDWqx4/gdMe7kQh2jMzUWMEQ+uxppn5yPod/8Kzzo8e+o4ZiSW4Aca0/94Y8YTf8eqv0wD58Tv98tUyGdEw85SC02J4BGuskAJHaqgLqDHnL94hkDkXXBxqUfJp9uhZXtw+5aJgbhvsjO05xKw84OfsOdcM1wnj8T03zRZuw1Q1+HG3SMVoGn3cZS3uMP5jlAad+sYPLvx/zgcR6M12PKSAmPeCIDypSQoFkViYls+ln3ehn+8wb0zn37BEHU2+U4e9pKPnGY/sS4FWW4RiLIj86TGCiT+cBErf9SPNC7Y8eFwIlooxUmY9oaxadF1rBfenhcMVzGdZzWW4eTnSXg1WTjsMaIQzF/5CMLKvsb6HaeM38Vu5oBNw8Lgb20mHGvrkH4pGc/WduSSS9zxxtAAyC1JPdq0UBZcxKaCOvzaVTpHUwV+SUrFuvaXkJnhiaAo3CmXwpzL0taC6uJkvJunL8MJ2yZHwIv/TKhIxYxLFfSAMsQcTwQO6yhDo8Dxixl4U38O+lrfpNQWjA5zhfmQNmjKMvBJZhkO9vaudZiGx5+aActz7+Pdg8YPTZuO3Yzw6QGQUH8sbU1KlBzaiOILCUKE2Vw4LlwMPx8pTLnuqitEwXcboEzj/LM/h+B1MyETcnaC8xlPfcX3CE6DXwpPJCL5zRdh6Lq9HU4jnu6FhqRtSN7H3ZUGWD4A+Z/nw9tDys/i2zSkHf8zaAfIRGLRagT5C+3g0CkSkbnnRdRzP1FOS384ClYlibhsEg5vV3OY6FQo/fYdFHQqIziQnEOnhvJoEsxnxEJWfAint74rZHFeAe8FMyB3JN8nh601hcjbswaVxUpYzfu6W//1HW2SQxTzVwRPDoU1t+ZJ7k9Nfjyydm1Ak8GNbvan1xAWmI+09Ts7+YcwgNPsH3ZF/iencNzopTgSTHl7PGQXE6EZOgwhUlLTxnKc/CwZ55NoFogQ8vxI3OFnDc6/U0tdCU7uTkNyezr5PS+JwpyRjhCe2mxDQ1EG/vteCVT6V4v42mLKouEYJudurja+jB+3ZCDjspCM+4bhmTEaHM+RYcJwW5iRtipSk3Bwc+1V15/T7KcjGe+/3nfe+Tht9kE/Bb544TKMfq18PesM4s0R/mQQnIsycXw/N/7R/jx7BPv+y2cQvjMNOLI8GZf4CBF8lkfgDxFCf7U0VuLSoVQcP2IwUxvuinsWhMHHhmRoI9NcUv53/1R09KdYgvEvRmGEXExGINLfyjz877PLyNf3Z6drxpVRkZmIrz8w6M9xnoibH9Q+BreQ637a6LoLdNsX7XCa/TDgqEGbu8By0VsIsjuLlA/20ZgO/O5ZjcXRMqjPb8Wb+7jxpO8QWjsYqGiAVuqKO2Z3+ED94rMUIug5RzhqfLH9BF7/8AROcrK57BL/mQ/b8xHP5xYQ+brCIj6epJ3GyTo7RM0KwGM0jXvv+xb6vb0ZXb1IyAIr7gqFQ106mRRw+X7G0SryI5/nBfKb6B26DHz9TSKaAuZgySRjUfOoHxH0Q0px8KzwitrdChOEEsH9KE3HEHusHeYHi7IUbOJeYXshD3Afiefc9d7HiBAOCoJMnYVP+VfcnsbxenvEhLpjCs0B+wDMcQVyL54WXoObVAJzz2F4uF11rsJ2/ru/YF9R59eUCszzGo45js349QKX71ccb7DHlOH+WEDTBWwxXFaL3Wd+waaUYjKfCsMDRAj1mqqj2H2sANbjHsH8UDoJ4rAhwo9cQ4mOCPATx5B9IhF1JnJ43rsCjrxHZDlsH1qGQD8pmss47VqJJqkXfO9bDRmfrqR+2ZXQcGMWEYA11E87F5q5LNeFCGnOA9ziuZBxhiaLQHjzxyTc/xwZvnqCHHYLFsOXCPomBa2nmGvH85DT3agm01cglAhpXWkCaSdpa5ISJq5RiIhbbTwQuEeRaasSKoUabSIZ3GYthjVN0pdhQiYSlUUqSGKjyRUyZCbcFs6FmyOZu3HWiRIV2uy8SFte4cvQlRUJfUMtFE2VHX2lKqNKgTs5xwwi6Mk0ScXFVxNR4jcVkQ8sFdIpJibkOtZWdi/oOeparpnuHO4I1f6TRFs9g1PkHp8w37O9PTIiyGe4NxIB/xNJj8dhhQ2mLAlDgN56HeqJO0bbovbsGV7b3bk9DVXyMMxaoL8/TTByUTTCTfKwh0v/IAEJDXLM+EvHOXhEcoSIc/g8e87WQRYZhYkzaJoBzS0GQrGP0DZ301vlDWiQuiBiHD2GFpc+JIKaF/Q9g+vPe0JNkP1dvNCfhRYY9scIjHSjGcQyzF4SAefqNKG/dmdDSxSr+x7V331AwIrRGGGuxOHtQn8mEdXqHtKf7SPgXYG4IwDI5M9B8nxVDPPQKEy9i6aTsW387BDIajPoNYnHyUrj695zWtDcg+a3cWYnWxk589VYWgk3k6V11+rCzWTwCPuTOdifS26WGWOJBm+DsIdsMZN3OyuQmNuMoxnNUPMDto7/zIdO79A3LyvAisONJK0Orx4pgoYMhgHRNJHMNBPo96p0Xb2VRQRzcsWrckrxBZ+vEa+/cQzTNhQijeboDS3pX2Lbz1XwnLoIkwxefy4VmUFbXYFNjYL/9k8v/4oZ8Rk4OIRmcHCF/5VSHL5cjYOcj3e1AgcVTbC309/uIs47L1ScD3veB3wT3rx0EjOIQE+nOWBKBlqtCknVTYKf+Lo8zPvpJNa1+2lvw6/8d7VQtXTVF5YY7SQhynwu1qm5fGq8mZEPpaUDhhktejchLV/B1+NgdS4SiDywt+/9z5Kj+qct+PqSGSLv+VPH8oeTPf8j1JWeJVrqBlQefRHp772Gcx9thYpXBR6AM+eCteQYkj/i/K8vRPJxJekiLziN4HZkfAkl75f9AFScZG/ORgH1056987UeeosjEwr+PfZySLh6iaSw07/b3ptouUKm6+AKbRYR4Ie34SKtZ3YK5wlOBttAIYelDadRa1FzfidpJ2nrvhdw7p8bcO4/h8nVMqA8Xijjo+XIJvMrmJP6+QtJdqSO3OS4+BtSPmlj6v5L6Dze1SeReuz7EKlbSBlb4pBnUIYu/imhbxIFT3cNiVxdhdDhrCcHpWQykvpJHDJJfOb7R3nriKlrQO/3Q6QXYdfyzlp9B+rMPCTEa1GbXo+Es+VokcngwaeIER5sC8X5i0jm0xuRs7UARSI7eEbyGchE0Yxol7XI+bGepJM8FxTY99QR7NqtX2ppw/nXjuDDV4qg4NK5c1wiMxeZrfHTQCYqnH9fhQqSR/FZFjLUIrj6SmhiBzlvnehTrZ6jdkcC3u9Kk/05GweJ5jts0XQ8+W405j3lDs9gmtYjTODrbYuGrAwc/75R6M/3L+FUgQ6mRDjzjHeAp6gcZ4kmz/dXfAkOn7iM8jYLKogdEeF7BZnHcpBzgfbn/4rRQK5Ze39aiWDWXIUM/hwkz9Ec7Fx+At8ep+nk12RBfs6qHHoOUo/k10m//l9RJy+TPUGFb8n1vpZWfz3SvtyAdzduwJuf6C1nfcege6lO1FgPrJgfCm8Rmee0luHQP5Pwj3yaSOBM9TPJfLGz+Z2DN+NX/4K5W6k7zWg/HFjkiqzPfsHKTtdq/rIYPGafc1U58x8dh8eGSckMugFqVT2UJSX48Zsq7KdCctLyt3GHp/C5V5QcxfpNh3k3osMdw/D3CCdOFYBOUw1lbRUSFGX4VD8GOUbgMJfeGQNT+zyv0XjU1wpabSM09WpShgLHSsjkQC8VTB2wbUwkvIjw0DaTdtTXIlehwKf1WiO/9xzzvKPxqPRyJzO+BG9ERyOwLAHzCvQikTP9+0KVkICXOEHbhXc+3pse9PUMwPzVyxDZMfHvMU2pn2L9l6nk03x4vLAUnryWzs3CtWiqU6Li5FaU8qbr7s30xqb0Hpjgr8tvM+ObjngLQX+Igl0nOaE6Mh2ZP5MP/m8h8uEo0vMCrU1qNJSmoeDAGmMzvoFJXjC7A0Wf3ItiMlmWLTuCYA91+/HV35HDcvJ6BE3wal8WETD4DgdtR3vdDOm0bNKO2rhfzO9fjxDHM0j58CCN6Q1dmJ15k78NEnizs5BOfqqd0CC5fUlAgglvjsdIqRbNDY0or6qGIqUYCUTQ6PVjqzkhiJtBtEYjtaq8w7R9lXlcOK9P3ins3Nxzx8L9hpxMREa4I2K0G8LlbUj+7AyO866Br2fG70G7rjL7d0Ywm189PBr0p5sj7nkpCj5kXGpurIOivAaXz5cg+UTHXhenZWPx4HAJmpsbUVdVh/KSUiR9RSZb7YqKgMWDUVg+vOYaZvyewd+ngfnIWLed1OrWMXg0e0rimRqodNwGvV+Q2OyCaXNvTEu8UfZuP42V78Vj78k8XKrUwT5kBJ56zotMMATO7n4fH23sedh1lptM1CPl2I+Cv3BCUmUano0/jd0ZOUiobobIIQALRoXgUb1mz9FYiH3UzN4eMjsmZfsKf8VLp85iX3YB0upbYO8aiSeGuRNBS2mtwtIzJ/FmShp+Ka6BxtwRMSPGYG2/7oDLx6F/dd0vXYcP8W1WI5n9FSD+B07Qc+xF8caNyEzK4U3fjWQyY+noBW8D8zePRtVubr7K7Px7wGwFfGZzgl5NlxUKUcOtUBmS+yJSdx5CUTZJ50z0JlJY+0Uj4qFXemg96AHuKxA0jQh6aoLn6lHfS5klmvUgv2yCOn1fq9rv7f5GcZoz9RqGX3EqhSYSwX/y1aPY9nESfj5XQsYVKYJnxWLBEjrLcXPFnLuIaMo+jy/03z/drXu92wOlDorv83HktVM4fNkSwyY50oT+ohGX9hteDy6kIZOmorQS37x8Ajv/cxGnLlRDY+WE8XHjMbvdjE90mq1nsPmdUzj082VkV7ZAFhqFB18wWAqgNA8wnyqDRtg/uCgSOxZR9Y2jUY2zhY0wt+rPtx6YIDrEAqKqRuz4RoFXt6bjoW/yoZHJ2h/vaKopgULRs1BhNwn3jnFA0Q8fYm96x1rbcJE55Fe02F1dhjeLcrE0MQdKcxv4tz8pw0k0MaQ6wczOhUKj+9oEo83NIWptwqeVZVhXkIWHLxVBY2uPMJpDbmqGKaZtSFdX482yQjybeh6/VJlBbnO1+bFrWvlqGN2BpEwjZfC6tEBd0XXfdBWaguZgRlALUvZswU96Oe2+GI4x4WhL2cabvlPWz8LZo5xtosP8zXeNJg251NycvXcn8g9/gdJzt8BHfHfv7Pf2hJRI7KZLe5FG61mQTy1QFNHw1ZD56qD6hqR/dC/OrVuIbG6vIpnc9NY4MkQ/OyD/jQYRfzkR9EDNqTW8CT575xooO2lMRphc/XCqtZwbdpXI20T7e1dSl1aOtjZyz9vLe3nPGGNlY/BtBzFfd4E2tJALbyURCeZgLuS3GC9Z2Ilg62MK7YVaXNpTguPvJOJweiMc5HR90NMSVqjEhU8EEz1fxm0qQAKeicXyF40Fu0Z7hVw/YxFiZmFwzG2P0unovhWiRZOLKOrYMkWwRvRLEYjW7+ivbuDzmhk80Wf7xwDc86QjNeO3kdtfDBsp7UsuKDoZpuXkmji2ojZeheQ9ZFKyLgGnSkVw8tZfWRNYhZrDtLIR+V8pkLA5A3u+KjBeCtDz3+SulzR6iZk1+ZHUqm6pVs8xaIS9SiSB91BPPOVDI+xsMNFLDK3aeCOdqoHcbiRtCRHK07jg1YsuIj9+/jskOHB3tajjOJr//Uux8JHJeO0xV9zNx4vxVLQzJOQHYTws9wCHaVgSFwUkfoodPxnu9zbBncExWBvlhz8TgT2FhAVuLpCTn4lOPx+oUiBX54RYP3vM4fJIXbE2OgZLXfUb16zwwAhSRqiLkG5uiSfcHCFpIcKV5pA7hmHV+JF4hgyW3DmmSN0RStqo1W8iMiGTAXp+mRnpiyEdx6P5Lm3Cr+VqSFz9sVbKxUuxKsQH8qYqJN+YDfyamIU+gKV3ukPRaWKENi84T56K0HlPwm3aajhOW4/AscK6tIbftP8lynPJz9Q5FkMfFzbNRTz9CkY9vgxORm7ic9BUT/5JwxHwWG831/UCoulya4tWYfchWL+Jb9YDRF2p5gcTy/D5COPiHtuDAG6vgSHy4QicPBfBf1pP2knaOmc9PN1JvLqqx5pzTR43EZLC455dQl/cHW7cxioNX5bd+PVC/R7fDE+HLoY5mk829m2hDSTI6Yy3uZbLL4ffE0J86PPRsO6igi0ZSjRZ+8CaTspuBNuIIETHmsM21BYTYpxhplKB22LAa5CZtSReny5GwLJoLF0eCF8+nRDpg7inYnD3AjFJJ3lGyDDMW4wW8jvhKWoikxRHjHhYBicuPdYV94zqb0345lBUXA9T3xDcs8Cab6sTtxEu2BxV7TM5DS4Trd91zDChv0hfTB/hjJbicvLL4GjD5YJaWAWFY8pdXH+R/nwmHOO9RWjVb0I/VYUinTPGPOsKV76/3DFjsi+cTZrpenolUi/r4Dk6EAEjuGtCJgtPx2DxInfo1TiLKRFYTO6XKdO4dK4MT4Q4kXulfSedBDGPTsKfH3cVrglXjzHOsGqflBjATeYCfqOIFM0kE0Iz1Be0m4NuGYPGxW1ORg1CyE0ybbovXIlgCZzqCaeGbGz/pxJpBmN/YpkGMaNCMDnWFxOifTDBux6fxQt2yPGxAfBuKsLu83TwcrfHgmHWqEouwv84wXBXJP4VF8F/L9yRDIFSZ6EMEgKRi/3pzUiq1yF2ZBjuiOHK90aIVS0SD6Xj9bzezPjFiPzDFLiofsIXexM7aT1X8IuqHuNc/DExwAexnl4YbncFhZmpeKtOL6ybcEHVjLFeYZju741YuQ10pZewrVANYfuCFsnVOsR4BmGqL0n39ESwRT2SLmXiLaqZKDVVsLVwxbiAAEzy8kKsqz2GVKRjV34dsrgMDmHYMjKEP3+YLZlEWDnyn7kQUJ+Pg6TS6bXlsBV7YGIgV4Y7GUQrcDwlG1v010Nkhzh3CxTml+MMjRrn7IsAlOPzit7MCLwx4c5wmGTsx66jRYKmrkediRptJPlR+8LJ3xcOPu6wJL1UcWInChI546AazalqNHmFw8nDCVKZLUTNShR/9z5Kswwf4VOiQeEHSYQvbEkeK3sSrEg5vxy5agNb94TDJnYk0WKUKOvue6S+9VdGkQFEDhtHeh6Sv/jU26huHA97XzmsSbwlSpCX0ggnL1s05u1CVQEZbvNVULtHwdnHF46+pK3uthhSU4jc3etRW0fuDNl0Mh9whaguB8Xn+YVYiMLuh5zMfeqS9qCumtxdeSVQe44h2qsMEqkpqo+dR0uQF8T671Qkos5qPBw8aV+pk1BYJIODS0cZPBVV0LhEwdHdCRKuDSRcUQj11GXo0BI8FHZO5By2YjQlnka1oy8Z0Dv1S1kFmoPHwnNkAOrSz6GlV5NEc/j+wROtKTkwmxiN6RM84NaqxPF/56KAbjppTCxHTaA7xkwORvRYL/iZ1+LM/jQk51JtskCFUhd7DB8bQtJ9EDVSDitVLg7tVqCGk4H1alw2MUfEmBCMJulDfXQ4n9EMfzLByvuuTNAYw+QY69GMi0dq6O9YqJdddRGSzvX8zuGQzliJtUsmQZIWj6xeaw/XpjWtAgoHOwSPCcT48b6IDLRA9cVEfLO9of161CSVoTHcE+MnBGIk6QtpdQ6+/agUdXSixvWn0seRTAa4/iL9KanHxYOpOJVMf5EtjchSNMJzVBhiJ/oiKsIO2pJ07P+oCo10TFBdqIBulB+mTCbnGOMGB20xjn6ahyJqqWtNrUJNiBvGjg/CSO6aRMrQVnwJB/9VS8vQIq9OB//RIWQ8J+cY44UgSR2Sv8vABaMxWIzxr0zE7KkuENcWIb+QRvcGUSCsl82Du6QIRf/6Hrquhni/+Vj1wmIMazuOX/O7ynDzGHQb9AK8HPD0496o2p6ErZ122jMYfUL4KwiMbn/jgBH1CY9A2fVuJEZPEI2B3dPz4OWoQ83p71G4/xeacD262FB2mzNmyQbMdrmIXRu+FCbcjFtH5GL43jeU3GVlRNB/gNrCbhTe2Cex7i5rnN24Ad/2sTAaNGZ8PTmFzWgmup2aCXpGf+FAH6PrItgaLQUweo3uLGr+sQ5p/0np8VLEwMQdTvZmaCnLZ4L+d4EOmoR9SFv3ZveCnuDnKgOaSlHYD8KI+bMfYEjI9E1DrUFTLU1wv9QExS3AO3UtAy5+aSVJYDBuiIGm2U/C0tdnw+zIanx0nP0ubg/MMOmJDZjc+DVe23GKxvUdTNgPMLY5muFZVQvGmJtgqtgEHxAhOcbCBHOsTAZcfHl3O9MZDAaDYQQT9gMMTihygeNv1R0CcaDGMxgMBuP6MGHPYDAYDMYAR1CVGAwGg8FgDFiYsGcA1mNg/dAqOMTQY8Y1GIKoABe8OcsR7f6PGLcFPksiMHvRDThS+L3jS+7HSXaI7fYNTkNh/fBy2EX+hrcPMW57mLDvE6Jhffdm+N69lH9j5O8Zk1HL4bcmDu5uLWjpW4datz9DzPHYHyPw0kwHmNU1o5RGD0rcHDH77Ul48NGevh75FuPmijGjHYFq7jWHAwyNDmZ+vlixJBArrn77MKEcrS1yyB9ajsBHZ7JBf5AyaNbsBW9dNIKjTQtNfjyydm1A0w0+qSJ4BJNe7bnL9RWEPRbLvwkt+52FqOzskKQ/uJZXMT2OcfB6cQzML+xBzr8NfIDqPZnRQ47WmkIUHtoAZZr+3ZYDgKva2ckzWydm3xGBhf4N+HZXHnZ1+bY2wSsXjg6cF7V0S6g7HnwyDDYF57H5LcPXNfcTvraYsmgowuVimKENDco8/O+zy8i/TNM7YbEgCsvHNePwqjRk3OgLPXmveK7Ib/d6dzXhf52O6Uj+Da5ou/MOd717y5Tcn4Hk/mzCt5/kY9dV734leJHf+6Pk937xc+T85wKNZAwWBt0kT1MieNJSEQEs8ZuKyIeW0pSbiOI1pL0yHadfuUWCvodYzoiEXfVF5BsKekP0nt5KVGiz84LvglfgaOBL6LanQdlzz2wWMkwJNUXWie4E/SAjvQRfPHHk1gh6mGP8X6IRbq7E4e0/Yef2RFy2CsA9f7nac5mAOUZGOKI5r+TGBf3vnlZ8e7QIqS0yxI7sxp5fuAfFp1WwHDaBc/vOGGQMMs3eUHNbDO81D8DNshDpax8B9yprI3/gRPOvTz+MzP9u7HAg47ACvn+ZC7mUJNflIDNNitCxciN/4caaYiEySdkdw2GHv/LsVFf4RMvBudVvyD6A1M82UodmnfyB69RQJexF9uEv29/pbhL2CgJnxUJGBW+TIgFZO9ZA09RhbegKYx/oQ+GwZjHss3eSWf5FGkfpyq/5fFJupBTl301HLv+i+gBIZqxGQLSXMHCQetZcOoSsfdtoO6Jht2g1gvw7fJLrFInI3POi4Dudo5Pf8ra6QhR81wvrQVf17OR/vd3C8csBaIeSa0f6rK1JiYJ9L0CZ0eF5/+r7oxMhPtgzHfh2I9GaaNTVXEP7GueJuPlBcBULndHSWI7TnyXjfBJ/eH2/5tTX+qXvmxHO+0cn2mxRBv77XglU7QJMhJDnR+IOP2uYkdO01JXg5O40JOvPoa/fr6lARBg8SV1a6orw45YMZHAa8ZwwPHmXFBc+SMCpdOEbEJPvvBuG5u9P4FvObTxfjwDqhQyoTbnaP7nrkijMGekI4UnJLuopNkfI4yNuvJ5u7ohb64vyz+KpL3XCtEAsv88Kp55LRnJngR7pg4XLPaDcHY8jBlYuq+m+mDPTT7gmbTpU5aVi3zuVHb4mxBKMf3EUouXkh9hWi+RT1fCJdTLS7Dv81XPtTEMqIsidb6DZ82VEYcQ1LBAd/dWGqksZUHqHwaPXmr3A7DuGYqFNCRZ/perSUyBsiXa/JhKNn6xBRRqN02MzCYufmQ0/kwIcfvdD/PI7VlQYvUcYeQYzOi342Y77eoTeSwS9qeCHW1UNWIfPRdjd8/lsQBQc4wRB31RO0utl8B7RaYGsXVNUcsto3WMWDs8IMlDmF0KjJQNG4Fwi+Gla9CuInOYFsVbJa5w1zVLIYhYjcGKUkE7qGbaACHopEa7cucrVsHSNRuSS1fzF1JUVCdp4peCsp6lS0Fy5YOx/nUho8oXGik6Cviss58LOnZtAKFGrHyDGPo/wGC9YNnfU0274fATPmMonm0xfgdBAKXSlCcg+cQzZSUqYuEYhIk6oJzepsX1oGe+3vLlM6LMmqRd871vdPom5mVgPj4WkXugvE0s5fGes6J1HOk4qqZvQjZWY0oJ251pGEE10dghktRnYw/vfjsfJSntMmE+EBM3RM+wQHlSPwx+SMr7IQq08DLMWdHi2kxGhMcO9kQhO4RyHFTaYsiQMAQYuQzmc/S2R/PlJohGfRyaZes5Y5AoLLuGgEvk6W3iOMBgWZrmSHNW4/CM9TimgbfgJpzrmSh2EeuKO0baoPXtG8DW+PQ1Vnerp9PAozPBuRgJfzzM4WSvDlEWB5DzGdFvP0hLsWW4g6DnIjNOUTDObu9DcnWLc4KAuQZLhchbna/6P3qQ9CUI9d2dD6x2Fex/uqKfno1GIdqjDqS9I+ofp0Pi5GV8vI3/1J/F1kpR3cmNIwIrRGKG3QJBJVBK8jS0QEwMxp72/TuLHOkcEdDlX7+7eMqZGR6batuYYQY+voraB9JIY5i702AgxxJzHb3NLWN8mWzEYPcfgVz0YIIJzuuA2M/iZ+4hWD7QWJvLuEy2jw2ANNYr3xfF+uDPf/wTFajKGBIymmvoUOHAOj9VEO934CLK3xCE7o5NrKcW7KOJ9eB+Aqqs1Mz2WKpRsXsj76k75SXCnJPUUJhV2kQFk0FIi9x0hPf2dY7xlQBY2g083iRB8j9ec+jvSuXNt/DuyC7TQ2Xvxbh518U8JPsAThZG4IZGrjxCK4nvpf91jJsatO4Jxa1bA21qJy7tfa1+WMKlKQ96JA7hI25H+X8H7nq03UasJljbciKVFzfmdqDy6AZVEkz73zw0495/D1ELxABnMycBacgzJH3H1W4jk46TOIi84dZ5E3QwKDiN1C9dfX6KIu2wO8l77cL8+Knz7VFealwgWpKmqHAUUvB/uRiS/fgLv/18Rdd3ZUxqR+X2JUEZ8Ec4X6zp8p5OBOjzYForzF5EcL5wjZ2sBikR28IykWSjlKZeRc4HkuaDCkQtEA7WXEr2RQ4UMUqZrEBWqhBA/e6BIgUt6IdpItFPqS7zLCa2NGdFga5HzY73gb/yCAvtIn+zarXdzK0aIjwQNWVlI4OtZj+RPLkMhdkLAGJqF0n09O0G05ymx7mi9XIoMGtWBNYYHSlCVVWLsl7xUQSYMJ7DnE1rP+BKkktvPiTP98JjD00VsVM+EH0uMteXh9nBCOS5sFfzVV3yfjRSjCZAjInyvIPNYjtAOroz/FRv5TrcNsIeVuhg/fybUQ/FZDjoPKwLd3Vs3kbrD2LbhH/hgw/tkokjjGAOGQSbsAYm74IBE5mCOpoJjSPl8Gx9vwveEFB4PEuHGCbh1S+HBySupA7jJbpfo7eq9RosWvYks+xKKDbRuE377vhyBr9B6vDJV0AJsyaBA/llKhWl/W2Mi/x9IROW/ZuHc+uX8UsRNRb9mT7TuBjOiDd+7mnP1z9NGZjOWwVMx9AVaz04b+hqSsqEhA6b87s18evSazQibMw2WV/T1pjef+1Ta3yRME4S8pcME/v/NRKfVj6B7UZ0qWDquNR+7uWiQmlMP19gpWP7+eDy4NgLTl8jgpJeoPaaZCAT6kVBbrxegHCa88cE1dhqe2TxdCO9GXKUt8xi+fVChQr6yw4VMTmo5WpydEeHGHckQ4CFCUVYvNpudLUcO0U4nrJmE5W9HY95LgRh/lxhm7Rq3UE9OAW2nVEf01i64Rj07ECH82dEYhhx8s7GL/QMTyX0rrkUuEdjGcEse4/Gkvq9ImM51ljAQEIQJmlE921qN3Q5bicjEhluSEQ45Wgzzk7aakt9A+H0d53hmka/R78Tcgiuhtev23wJa6stQUc/erT8Q0d/ZgwRuTXY6zv4sTL9bK5Ku2omv38BnGPpUKFBrgLHWrUV9pzpUFii79m/el1SfpVYBonUfLSRS2AseEzgzvRx2c+fD01UKbTmtX4naaGxG7otI3XkIRdkkTaFGm4kU1n7RiHjoFWPzefuEoiMYLzfcfDTfcW16jYjg/qNi6xlsfucUDv18GdmVLZCFRuHBF7rbUHbjKE5z5mLD8CtOpdDErvi5CN+8UYQieojvOVO+I3zGk8/THOApKkfGd0JSz9Dg5KtHse3jJPx8rgQqnRTBs2KxYEmHefyG6FxPHiLo/xqD6bYl+GbLZSi6MOEHjHWHVXkJzhtMkjgsFkRgRkAbMg/Gt/dVl8sSv5lGXNrf+ZqkIZOmMhj9xSAT9gJtRw6hlIz0kmFzYcdNrLk4XkvXovYUJwi4sAF5h79A/sED3QuFPug9ojwQVCjfR+ux60OhHocP8MK+SS1oqCZiuobP7SX4y3cYRTRnvUHXCJPuTOKkNNJmsUu3q3tdYmLOWRYmQMrZUzXpyOKWNLh6nsg2moyIhq+GzFcH1Tck7aN7cW7dQmSXkARHYRmCg+9yTRpy+f4mYe9O0s4vUHquh8sNFRpyxQjm1vRSyGHpSBc8e7ntVOj3a9BCaiu1gu8QetwrTGAVag7Tykbkf6VAwuYM7PmqwMicyyMyu8qK1GK0UGsB21D6kWBrbShA2/gqWklEglmaC/ktNzBBFEz5nkHO8BnqBgtDE35PsBPB1scU2gu1uLSnBMffScTh9EaD5QahniLDF1C4CRpy7zAU9NldP3IndkSIhwiKDMVVE3YbOzGgLMDx7xvb+6uZvyH16NBMbi6jepqYGk9UGwSLhJnBnggzoxdrtPHr4zZSej24oDC+MbXNXAmmN9D+rnEm1x+1WnT7YJ2bLczJBERbRo8Zg4ZBKeyBL1GariK/5AB43DmTj2lKSEM9+Rm4zdmD4MUfI/DxtzHq8dWImj2aTweOo4pbx5JGIXgFSX9sDwJDqGChiGI/4PcDBC6eCxlvopXDjT/+GPJwPst1qUnJIQOEHL7Ldwl7C578P0STegTHCG+/akstJPUkY+r4lxHK1/Nl+HubQ1RdCKPNs1Ua3r+3bOzbtE6d63ARmoJGWAWOJK3uBvsx9Lu7MGyaF4lQQ5VygPzPQRNXCUkogri+IHkiZoWTIcsA+XAETp6L4D+th+O01XCcsx6e3OYldRX1O/4lynPJaOoci6GP0zKefoX0+TI49dTHe10CqjkjgL6Mx/6JAO5dClVpKMvjc/QYTTFnApbC7R6hLlf11+U6FJNpSkT4jUh7CWIenYQ/P+4KJyL0bUPFCBjjDCsdESg0By6pUGHhgzuekfF5XBcFIURaj9xzhuZnK0Tc7Q5XroxpvhhHBFlFqX7xhmiQmbWk7CBEx9JzLIvG0uWB8KU5egpvypd7IsbVHIrLlTSWIifCnG+DOTi5IhJxExDuWAQLTuhF+iDuqRjcvUAsxI+QYZi3GC0tehNaIzLy6mEVpK+nNYY97AvXxgrkdPME6NUQQf/SeEyX1+LkwQJUWwr1aa+DnlnuCBCVI/UbIynOU1dDZjByb0y5S6in64IwGG8V0aKojPw+DOoZfYe7kQkeSdWogDNGLBOumdNdgYg0KqMSqZfJxGl0IAJG0DKejsHiRe78/hqO2pxqNEg9MHGRtVCPRQHkutPE3jLEFlHepihX1He9E59gNi4Q1rpybo7NGGSYeni5v0o/9wkisRSNjb1RDW4+rWTKLh61CI42WtQl7UFdNRGaCnLTx/jC1t4OtWcOQVt7DFW1QyHx84O9iy3RkMjE/fJPSPv8n7wmwu1Eb8izgygsGHYyW6KBlSA3UQ0nL1s05u1CVQFgOXop/EKdYGUvhTkv+UxhYU/KIuGKgssTDpvYkbA1r0XV8QNk2OuCkvOoujIKtn7usHO0hVjUiJqL+5G5f4+grNYfQ2WZH6x8AmAvJ2UT7a5ZkYC0Ha9Ba7gkUVEFjQvR+t2dIDGqA00ntJRKYBYzGo6ezahJzu9QhmXTiax2hchczH+Pa49pgxLF372D4jROPTfuCyupKapPnEdrkBfEdTkoPn8abfkqqN2j4OzjC0dfXzi422JITSFyd69HbR1nnVCjOVWNJq9wOHk4QUrKETVz53gfpVncOXpCDtTZZHT39obMlbTTRoxWRSLSv1xN7jmaxftuePrbQqc8j7L07ke4tnwtXxe+nK76q7UROrE97hhhC8f8apzr1S2tRV6dDv6jQzA+1hdRY7wQJKlD8ncZuJBHBVFlHXK1V+A3KozPEyFvRc6RCzj+MzU5eNgjavgVXDxlivEPRGJsuB10xZfw7ce1aKTXvTGxHDWB7hgzORjRY73gR+6zM/vTkJyrv7IShM0m0uhyHq7RFUDxFThP94OnVSWSPlOAyI52nBaOxaK5gaQNPvAkQknk5MZ/jhrjBHNFEfJPqVDqYo/hY0NIHUj8SDmsVLk4tFuBGjovaThfhpowT0yYGISRYz3gOaQcP32Riax2M/r16umIiQ+6w9bUCt5kciGc36AO/O1jgpHzh8K9Igvf/XS16GtNrUJNiAeixwVgJLkenshHploOd5ThzEnBlleXUgWTEb4YO94fUaPtocmphMhVjJokeo56NS6bmCNiTAhGk/4OsC1Dfr0j5Fc6ylBdqIBulB+mTA4k53GDg7YYRz/NQ5F+papA6K/I0WRSQcrwbFagyNwB1tVFSDrXC7vMEBGW3B2IMRIVvt1fjU6rFgIRj8KPTICazuxFRWanSRwlZunbWPoHJ5TEX0TfLqYx+hvm9W6wE/YQvBeMgLW2DMX730TNtdZ3+xnJrI/h1uX260KU9vOau4Ap4u4KxR/9h6AmsxAb/1eLVJrS59Dn7BOWJ+MSjWJcA/5Z/EBoDp7At9/TuIGKhwu2ziTKAWpw/Ks8bLlquA2E9NGH4RMoRkPKAeR/fkJYQruKANy7ahkiK77GaztO0TjGQGGQmvEZ7aR9joL125GT+Pt7g4aFh/DkRFeh1xvZbwqt2PN9Kp7fW4TLt9ZYxbgOslmecG0sQfJAF/Q8bShOzMC6f3Ul6Cm1+cjf+gryuhX0HN5wsgVUpT149wbjtoNp9gzG7QDT7Bl9TegDWLXQG5c2bsC37Dn7AQcT9gwGg8FgDHCYGZ/BYDAYjAFOn2v2tbV9WjyDwWAwGIzrwDR7BoPBYDAGOH0v7KUvYdPsPdjxh61Y4yS8GIbBYDAYDEb/0ecv1WlWX0ZmQSqqzEZgfEQoLLN/ZLuJGQwGg8HoR/pes79SgtzmBBwsLYbuht4rzmAwGAwG47fQb2v2YokdRJoalNJjBoPBYDAY/UO/CftRUnugoRq59JjBYDAYDEb/0G/CXse9o9FcCldmymcwGAwGo1/pv+fsh0TjoWGPYaqHRDhWJ2LbiTdwRjhiMBgMBoPRR/SbsA/13ogXAmrxw5l/I4VzyXmlGvnakq7dvDIYDAaDwbhp9JsZ30tiTyR/Hg5oUpHeTAIT9AwGg8Fg9Av9Juwv1lcDUmcMo8cMBoPBYDD6h34T9qWNtdBJ7eBNjxkMBoPBYPQP/STsJQi1FNPPDAaDwWAw+pO+F/b8u/F34IVhLqhJ/R8O0GgGg8FgMBj9Q9/vxq9zg7+5FRq12Sjt0zMxGAwGg8Hoir7X7Pl34zNBz2AwGAzGraLfNugxGAwGg8G4NTBhz2AwGAzGAGdISMQoZmBnMBgMBmMAwzR7BoPBYDAGOEzYMxgMBoMxwGHCnsFgMBiMAQ3w/67/Xvz47gppAAAAAElFTkSuQmCC\" width=\"507\" height=\"121\"></figure>', 0, ''),
(82, 101, 47, '<p>Tes4</p>', 0, ''),
(84, 101, 57, '<ol style=\"list-style-type:decimal;\"><li>tes</li><li>tes2</li></ol>', 0, ''),
(99, 103, 53, '<p>tes6</p>', 0, ''),
(103, 101, 57, '<p>done</p>', 0, 'export-pdf-demo1.pdf'),
(105, 101, 49, '<p>done</p>', 0, 'Screenshot_2024-05-13_084149.png'),
(106, 101, 62, '<p>done</p>', 0, 'Screenshot_2024-05-13_082002.png'),
(108, 101, 47, '<p>done</p>', 0, 'export-pdf-demo.pdf'),
(109, 101, 63, '<p>done</p>', 0, 'Screenshot_2024-04-22_115120.png'),
(110, 101, 65, '<p>done?</p>', 0, ''),
(115, 101, 57, '<p>tes gambar555</p>', 61, NULL),
(116, 103, 57, '<p>TES 6</p>', 99, NULL);

-- --------------------------------------------------------

--
-- Struktur dari tabel `divisi`
--

CREATE TABLE `divisi` (
  `id_divisi` int(11) NOT NULL,
  `nama_divisi` varchar(50) NOT NULL,
  `nama_pegawai` varchar(100) NOT NULL
) ENGINE=InnoDB DEFAULT CHARSET=utf8mb4;

--
-- Dumping data untuk tabel `divisi`
--

INSERT INTO `divisi` (`id_divisi`, `nama_divisi`, `nama_pegawai`) VALUES
(1, 'Helpdesk 1', 'Ajeng'),
(2, 'Helpdesk 1', 'Novi');

-- --------------------------------------------------------

--
-- Struktur dari tabel `forward`
--

CREATE TABLE `forward` (
  `id_forward` int(11) NOT NULL,
  `pelaporan_id` int(11) NOT NULL,
  `user_id` int(11) NOT NULL,
  `subtask` text DEFAULT NULL
) ENGINE=InnoDB DEFAULT CHARSET=utf8mb4;

--
-- Dumping data untuk tabel `forward`
--

INSERT INTO `forward` (`id_forward`, `pelaporan_id`, `user_id`, `subtask`) VALUES
(123, 103, 53, NULL),
(125, 99, 55, NULL),
(126, 98, 54, NULL),
(127, 101, 49, NULL);

-- --------------------------------------------------------

--
-- Struktur dari tabel `klien`
--

CREATE TABLE `klien` (
  `id` int(11) NOT NULL,
  `no_urut` int(11) NOT NULL,
  `nama_klien` varchar(75) NOT NULL
) ENGINE=InnoDB DEFAULT CHARSET=utf8mb4;

--
-- Dumping data untuk tabel `klien`
--

INSERT INTO `klien` (`id`, `no_urut`, `nama_klien`) VALUES
(9, 1, 'PT BPR BKK Banjarharjo(Perseroda)'),
(10, 2, 'PT BPR BKK Karangmalang(Perseroda)'),
(11, 3, 'PT BPR BKK Purwokerto(Perseroda)'),
(12, 6, 'PT BPR BKK Kab. Pekalongan(Perseroda)'),
(13, 7, 'PT BPR BKK Kebumen(Perseroda)'),
(14, 8, 'PT BPR BKK Arta Utama'),
(15, 9, 'PT BPR Mentari Terang'),
(16, 10, 'PT BPR Sinar Garuda Prima'),
(17, 11, 'PT BPR Wirosari Ijo'),
(18, 12, 'PT BPR BKK Blora (Perseroda)');

-- --------------------------------------------------------

--
-- Struktur dari tabel `pelaporan`
--

CREATE TABLE `pelaporan` (
  `id_pelaporan` int(11) NOT NULL,
  `no_tiket` varchar(100) NOT NULL,
  `user_id` int(11) NOT NULL,
  `kategori` varchar(255) DEFAULT NULL,
  `tags` varchar(100) DEFAULT NULL,
  `waktu_pelaporan` date NOT NULL,
  `status` varchar(50) NOT NULL DEFAULT 'proses',
  `status_ccs` varchar(20) DEFAULT 'ADDED',
  `priority` varchar(30) DEFAULT NULL,
  `maxday` int(11) DEFAULT NULL,
  `perihal` text NOT NULL,
  `impact` varchar(30) DEFAULT NULL,
  `file` varchar(100) DEFAULT NULL,
  `rating` text DEFAULT NULL,
  `nama` varchar(100) NOT NULL,
  `handle_by` varchar(100) DEFAULT NULL,
  `handle_by2` varchar(100) DEFAULT NULL,
  `handle_by3` varchar(100) DEFAULT NULL,
  `keterangan` varchar(255) DEFAULT NULL,
  `waktu_approve` date DEFAULT NULL,
  `csrf_token` varchar(255) DEFAULT NULL
) ENGINE=InnoDB DEFAULT CHARSET=utf8mb4;

--
-- Dumping data untuk tabel `pelaporan`
--

INSERT INTO `pelaporan` (`id_pelaporan`, `no_tiket`, `user_id`, `kategori`, `tags`, `waktu_pelaporan`, `status`, `status_ccs`, `priority`, `maxday`, `perihal`, `impact`, `file`, `rating`, `nama`, `handle_by`, `handle_by2`, `handle_by3`, `keterangan`, `waktu_approve`, `csrf_token`) VALUES
(98, 'TIC2024050001', 59, 'Backdate - Backdate Transaksi', 'Tes,transaksi,backdate', '2024-05-07', 'Solved', 'FINISH', 'Low', 90, '<p>Tes</p>', 'material', 'CCS_Customer_Care_System.xlsx', NULL, 'PT BPR BKK Karangmalang (Perseroda)', 'Nita', NULL, NULL, NULL, '2024-05-07', NULL),
(99, 'TIC2024050002', 58, 'Kredit - Agunan', 'kredit,agunan', '2024-05-07', 'Solved', 'FINISH', 'Medium', 60, '<p>Tes2</p>', 'material', 'code.png', NULL, 'PT BPR BKK Banjarharjo(Perseroda)', 'Luthfi', 'Implementator PT MSO Purwokerto', NULL, NULL, '2024-05-08', NULL),
(100, 'TIC2024050003', 60, 'Pembatalan - Pembatalan Transaksi(Current Date, Backdate, Adendum Kredit dan Ecollector)', 'backdate,kredit,pembatalan,ecollector', '2024-05-07', 'Solved', 'FINISH', 'High', 7, '<p>Tes3</p>', 'kritikal', 'CCS_Customer_Care_System.pdf', NULL, 'PT BPR BKK Purwokerto (Perseroda)', 'Khabibah', NULL, NULL, NULL, '2024-05-08', NULL),
(101, 'TIC2024050004', 61, 'Backdate - Backdate Transaksi', 'Backdate,Tes4,Transaksi', '2024-05-08', 'Solved', 'FINISH', 'High', 7, '<p>Tes4</p>', 'kritikal', 'controller.png', NULL, 'PT BPR BKK Kab. Pekalongan (Perseroda)', 'Novi', 'Implementator PT MSO Purwokerto', 'Support PT MSO Purwokerto', NULL, '2024-05-15', NULL),
(102, 'TIC2024050005', 58, 'Tabungan - Transaksi Tabungan', 'tabungan,tes5,transaksi', '2024-05-15', 'proses', 'ADDED', 'Medium', 60, '<p>Tes5</p>', NULL, 'export-pdf-demo.pdf', NULL, 'PT BPR BKK Banjarharjo(Perseroda)', NULL, NULL, NULL, NULL, NULL, NULL),
(103, 'TIC2024050006', 59, 'Tabungan - Saldo Minus Tabungan', 'agunan,tes6,kredit', '2024-05-15', 'Forward To Helpdesk', 'HANDLE', 'Medium', 60, '<p>Tes6</p>', 'kritikal', 'Screenshot_2024-05-13_084149.png', NULL, 'PT BPR BKK Karangmalang (Perseroda)', 'Ina', NULL, NULL, NULL, NULL, NULL);

-- --------------------------------------------------------

--
-- Struktur dari tabel `rating`
--

CREATE TABLE `rating` (
  `id_rating` int(11) NOT NULL,
  `pelaporan_id` int(11) DEFAULT NULL,
  `user_id` int(11) DEFAULT NULL,
  `rating _name` text NOT NULL
) ENGINE=InnoDB DEFAULT CHARSET=utf8mb4;

-- --------------------------------------------------------

--
-- Struktur dari tabel `s_forward`
--

CREATE TABLE `s_forward` (
  `id_forward` int(11) NOT NULL,
  `pelaporan_id` int(11) NOT NULL,
  `user_id` int(11) NOT NULL
) ENGINE=InnoDB DEFAULT CHARSET=utf8mb4;

--
-- Dumping data untuk tabel `s_forward`
--

INSERT INTO `s_forward` (`id_forward`, `pelaporan_id`, `user_id`) VALUES
(3, 99, 47),
(4, 101, 47);

-- --------------------------------------------------------

--
-- Struktur dari tabel `t1_forward`
--

CREATE TABLE `t1_forward` (
  `id_forward` int(11) NOT NULL,
  `pelaporan_id` int(11) NOT NULL,
  `user_id` int(11) NOT NULL,
  `judul` text NOT NULL,
  `subtask` text DEFAULT NULL,
  `tanggal` date NOT NULL
) ENGINE=InnoDB DEFAULT CHARSET=utf8mb4;

--
-- Dumping data untuk tabel `t1_forward`
--

INSERT INTO `t1_forward` (`id_forward`, `pelaporan_id`, `user_id`, `judul`, `subtask`, `tanggal`) VALUES
(3, 99, 62, '', '', '0000-00-00'),
(7, 101, 62, 'TES 4', 'TES 44', '2024-05-16');

-- --------------------------------------------------------

--
-- Struktur dari tabel `t2_forward`
--

CREATE TABLE `t2_forward` (
  `id_forward` int(11) NOT NULL,
  `pelaporan_id` int(11) NOT NULL,
  `user_id` int(11) NOT NULL,
  `judul2` text NOT NULL,
  `subtask2` text DEFAULT NULL,
  `tanggal2` date NOT NULL
) ENGINE=InnoDB DEFAULT CHARSET=utf8mb4;

--
-- Dumping data untuk tabel `t2_forward`
--

INSERT INTO `t2_forward` (`id_forward`, `pelaporan_id`, `user_id`, `judul2`, `subtask2`, `tanggal2`) VALUES
(5, 101, 63, 'TES4', 'TES44', '2024-05-16');

-- --------------------------------------------------------

--
-- Struktur dari tabel `tiket_temp`
--

CREATE TABLE `tiket_temp` (
  `id_temp` int(11) NOT NULL,
  `no_tiket` varchar(50) NOT NULL,
  `user_id` int(11) NOT NULL,
  `perihal` varchar(255) NOT NULL,
  `file` varchar(255) NOT NULL,
  `nama` varchar(100) NOT NULL,
  `kategori` varchar(100) DEFAULT NULL,
  `tags` varchar(100) DEFAULT NULL
) ENGINE=InnoDB DEFAULT CHARSET=utf8mb4;

-- --------------------------------------------------------

--
-- Struktur dari tabel `user`
--

CREATE TABLE `user` (
  `id_user` int(11) NOT NULL,
  `divisi` varchar(30) NOT NULL,
  `nama_user` varchar(50) NOT NULL,
  `username` varchar(15) NOT NULL,
  `password` varchar(255) NOT NULL,
  `role` int(11) NOT NULL,
  `active` varchar(5) NOT NULL
) ENGINE=InnoDB DEFAULT CHARSET=utf8mb4;

--
-- Dumping data untuk tabel `user`
--

INSERT INTO `user` (`id_user`, `divisi`, `nama_user`, `username`, `password`, `role`, `active`) VALUES
(47, 'Supervisor 2', 'Supervisor 2', 'spv2', '$2y$10$3fmu3UaUBtwMUn/ibOqgwO0h36GrfFrAwjP/GAHxYZfIPJOJPYdgC', 9, 'Y'),
(48, 'Helpdesk 1', 'Ajeng', 'ajeng', '$2y$10$yMDEbxjjlh4oNXdZJw1om.SmuYMqFSzqLe3vycjiXnVFnZVXh7Fli', 2, 'Y'),
(49, 'Helpdesk 1', 'Novi', 'novi', '$2y$10$61Gvfbmfq/xELLugqweR3.ITjxqoazOT478NP8hl9ND44iSRndaWO', 2, 'Y'),
(50, 'Helpdesk 2', 'Ayu', 'ayu', '$2y$10$CBazdGZC3pDGBYv0WVS6WuqgRQW2SNVhGotgSoR09dL3CpXRLn4Tq', 2, 'Y'),
(51, 'Helpdesk 2', 'Chintya', 'chintya', '$2y$10$dfuc4GUWd8UHDVpKSDO2z.9G./SV5svEYIThkIB6.ZCFvWnjz6zkC', 2, 'Y'),
(52, 'Helpdesk 3', 'Eva', 'eva', '$2y$10$R8oQzXHI8pnwusrmXCTX3e9FWIjfvqgXFekk1yqJNhXIAkFDTY.n.', 2, 'Y'),
(53, 'Helpdesk 3', 'Ina', 'ina', '$2y$10$39stpYd9tIjV.jrW/ffns.bVwZtKOyDqHHdZkSSwTmaNjTAS.1Qsi', 2, 'Y'),
(54, 'Helpdesk 4', 'Nita', 'nita', '$2y$10$lGRwZfprphMBSECfyzb/SOLIyxsTw2THLpKO5WYjUeq41XBy0Nnz.', 2, 'Y'),
(55, 'Helpdesk 4', 'Luthfi', 'luthfi', '$2y$10$JEjAMFVKUPfcwhAh5mNlAOzSOKQmSmXL/2iVnTWN6NS4BRzke6wMu', 2, 'Y'),
(56, 'Helpdesk 4', 'Khabibah', 'Khabibah', '$2y$10$kMOcFV1oh9PL5kGxkARcW.0q6iPYOTTe/M4OjztfR2dRory9yTwRa', 2, 'Y'),
(57, 'Supervisor', 'Supervisor ', 'supervisor', '$2y$10$B2CATYduaY1k14AaFRVyP.m/rV5.yI4mj0.WXWt.Ud8P5oZMF1rQy', 3, 'Y'),
(58, 'Klien', 'PT BPR BKK Banjarharjo(Perseroda)', 'banjarharjo', '$2y$10$kTGlxi4xSlwGOuMW8xDSc.CparcG1uAK/YAIV4PU0trjX8oZ.YMVq', 1, 'Y'),
(59, 'Klien', 'PT BPR BKK Karangmalang (Perseroda)', 'karangmalang', '$2y$10$QNYfJEq8VLi6JCCBdywKjumU8rGIQnu9LU5AIcCobSyvXzauc6EWm', 1, 'Y'),
(60, 'Klien', 'PT BPR BKK Purwokerto (Perseroda)', 'purwokerto', '$2y$10$WniGIEgNUJA9Z/aNxOh3TO9oUtB9BAi9q3U8FYeqHHbTXTaV9Eywe', 1, 'Y'),
(61, 'Klien', 'PT BPR BKK Kab. Pekalongan (Perseroda)', 'pekalongan', '$2y$10$v7C/rY7SMvCOdS46NFs3jeZWtJbLmwImjBnw9KyHj0IM0fI3Useyu', 1, 'Y'),
(62, 'Implementator', 'Implementator PT MSO Purwokerto', 'implementator', '$2y$10$vAfqKnPDv/ymAIPib1NF2uhLZbnqWuJ6JN87f6T/Fq0A9n0axAoA2', 4, 'Y'),
(63, 'Support', 'Support PT MSO Purwokerto', 'support', '$2y$10$HEztd8wkl66Mpu2EIIRdpuFj/EBs57NLxZiZRGjc0Kg4M1kNpwoUu', 5, 'Y'),
(65, 'Superadmin', 'Superadmin', 'superadmin', '$2y$10$ZOVrh92WnptqnrOYkaXpzuNfcptE951AOfm59W3iZBv.p4jfLu86a', 6, 'Y');

--
-- Indexes for dumped tables
--

--
-- Indeks untuk tabel `category`
--
ALTER TABLE `category`
  ADD PRIMARY KEY (`id`);

--
-- Indeks untuk tabel `comment`
--
ALTER TABLE `comment`
  ADD PRIMARY KEY (`id_comment`);

--
-- Indeks untuk tabel `divisi`
--
ALTER TABLE `divisi`
  ADD PRIMARY KEY (`id_divisi`);

--
-- Indeks untuk tabel `forward`
--
ALTER TABLE `forward`
  ADD PRIMARY KEY (`id_forward`);

--
-- Indeks untuk tabel `klien`
--
ALTER TABLE `klien`
  ADD PRIMARY KEY (`id`);

--
-- Indeks untuk tabel `pelaporan`
--
ALTER TABLE `pelaporan`
  ADD PRIMARY KEY (`id_pelaporan`);

--
-- Indeks untuk tabel `rating`
--
ALTER TABLE `rating`
  ADD PRIMARY KEY (`id_rating`);

--
-- Indeks untuk tabel `s_forward`
--
ALTER TABLE `s_forward`
  ADD PRIMARY KEY (`id_forward`);

--
-- Indeks untuk tabel `t1_forward`
--
ALTER TABLE `t1_forward`
  ADD PRIMARY KEY (`id_forward`);

--
-- Indeks untuk tabel `t2_forward`
--
ALTER TABLE `t2_forward`
  ADD PRIMARY KEY (`id_forward`);

--
-- Indeks untuk tabel `tiket_temp`
--
ALTER TABLE `tiket_temp`
  ADD PRIMARY KEY (`id_temp`);

--
-- Indeks untuk tabel `user`
--
ALTER TABLE `user`
  ADD PRIMARY KEY (`id_user`);

--
-- AUTO_INCREMENT untuk tabel yang dibuang
--

--
-- AUTO_INCREMENT untuk tabel `category`
--
ALTER TABLE `category`
  MODIFY `id` int(11) NOT NULL AUTO_INCREMENT, AUTO_INCREMENT=55;

--
-- AUTO_INCREMENT untuk tabel `comment`
--
ALTER TABLE `comment`
  MODIFY `id_comment` int(11) NOT NULL AUTO_INCREMENT, AUTO_INCREMENT=117;

--
-- AUTO_INCREMENT untuk tabel `divisi`
--
ALTER TABLE `divisi`
  MODIFY `id_divisi` int(11) NOT NULL AUTO_INCREMENT, AUTO_INCREMENT=3;

--
-- AUTO_INCREMENT untuk tabel `forward`
--
ALTER TABLE `forward`
  MODIFY `id_forward` int(11) NOT NULL AUTO_INCREMENT, AUTO_INCREMENT=128;

--
-- AUTO_INCREMENT untuk tabel `klien`
--
ALTER TABLE `klien`
  MODIFY `id` int(11) NOT NULL AUTO_INCREMENT, AUTO_INCREMENT=22;

--
-- AUTO_INCREMENT untuk tabel `pelaporan`
--
ALTER TABLE `pelaporan`
  MODIFY `id_pelaporan` int(11) NOT NULL AUTO_INCREMENT, AUTO_INCREMENT=105;

--
-- AUTO_INCREMENT untuk tabel `rating`
--
ALTER TABLE `rating`
  MODIFY `id_rating` int(11) NOT NULL AUTO_INCREMENT;

--
-- AUTO_INCREMENT untuk tabel `s_forward`
--
ALTER TABLE `s_forward`
  MODIFY `id_forward` int(11) NOT NULL AUTO_INCREMENT, AUTO_INCREMENT=6;

--
-- AUTO_INCREMENT untuk tabel `t1_forward`
--
ALTER TABLE `t1_forward`
  MODIFY `id_forward` int(11) NOT NULL AUTO_INCREMENT, AUTO_INCREMENT=8;

--
-- AUTO_INCREMENT untuk tabel `t2_forward`
--
ALTER TABLE `t2_forward`
  MODIFY `id_forward` int(11) NOT NULL AUTO_INCREMENT, AUTO_INCREMENT=6;

--
-- AUTO_INCREMENT untuk tabel `tiket_temp`
--
ALTER TABLE `tiket_temp`
  MODIFY `id_temp` int(11) NOT NULL AUTO_INCREMENT, AUTO_INCREMENT=140;

--
-- AUTO_INCREMENT untuk tabel `user`
--
ALTER TABLE `user`
  MODIFY `id_user` int(11) NOT NULL AUTO_INCREMENT, AUTO_INCREMENT=66;
COMMIT;

/*!40101 SET CHARACTER_SET_CLIENT=@OLD_CHARACTER_SET_CLIENT */;
/*!40101 SET CHARACTER_SET_RESULTS=@OLD_CHARACTER_SET_RESULTS */;
/*!40101 SET COLLATION_CONNECTION=@OLD_COLLATION_CONNECTION */;
